--------- beginning of events
I/service_manager_slow(  850): [168,connmetrics]
I/dvm_lock_sample(  559): [system_server,1,binder:559_1F,17468,ContentProviderHelper.java,174,android.app.ContentProviderHolder com.android.server.am.ContentProviderHelper.getContentProviderImpl(android.app.IApplicationThread, java.lang.String, android.os.IBinder, int, java.lang.String, java.lang.String, boolean, int),,0,null,100]
I/dvm_lock_sample(  559): [system_server,1,android.display,1391,Message.java,154,android.os.Message android.os.Message.obtain(),-,161,android.os.Message android.os.Message.obtain(),100]
I/dvm_lock_sample(  559): [system_server,1,binder:559_1F,1328,Message.java,340,void android.os.Message.recycleUnchecked(),-,161,android.os.Message android.os.Message.obtain(),100]
I/dvm_lock_sample(  559): [system_server,0,binder:559_5,673,Message.java,154,android.os.Message android.os.Message.obtain(),-,161,android.os.Message android.os.Message.obtain(),100]
I/dvm_lock_sample(  559): [system_server,1,binder:559_18,201,Message.java,154,android.os.Message android.os.Message.obtain(),-,161,android.os.Message android.os.Message.obtain(),40]
I/dvm_lock_sample(  559): [system_server,0,binder:559_14,1349,Message.java,154,android.os.Message android.os.Message.obtain(),-,161,android.os.Message android.os.Message.obtain(),100]
I/dvm_lock_sample(  559): [system_server,0,backup-0,9000,UserBackupManagerService.java,1083,void com.android.server.backup.UserBackupManagerService$1.run(),-,2105,void com.android.server.backup.UserBackupManagerService.scheduleNextFullBackupJob(long),100]
I/dvm_lock_sample(  559): [system_server,0,binder:559_1E,19030,ActivityManagerService.java,13459,void com.android.server.am.ActivityManagerService.serviceDoneExecuting(android.os.IBinder, int, int, int),,0,null,100]
I/dvm_lock_sample(  559): [system_server,0,binder:559_1D,1425,Message.java,154,android.os.Message android.os.Message.obtain(),-,161,android.os.Message android.os.Message.obtain(),100]
I/dvm_lock_sample(  559): [system_server,0,ConnectivityServiceThread,506,PermissionManagerServiceImpl.java,5197,java.util.Set com.android.server.pm.permission.PermissionManagerServiceImpl.getInstalledPermissions(java.lang.String),-,5203,java.util.Set com.android.server.pm.permission.PermissionManagerServiceImpl.getInstalledPermissions(java.lang.String),100]
I/dvm_lock_sample(  559): [system_server,1,binder:559_B,20801,ActivityManagerService.java,15321,int com.android.server.am.ActivityManagerService.broadcastIntentWithFeature(android.app.IApplicationThread, java.lang.String, android.content.Intent, java.lang.String, android.content.IIntentReceiver, int, java.lang.String, android.os.Bundle, java.lang.String[], java.lang.String[], java.lang.String[], int, android.os.Bundle, boolean, boolean, int),,0,null,100]
I/dvm_lock_sample(  559): [system_server,0,binder:559_D,8474,ActivityManagerService.java,15321,int com.android.server.am.ActivityManagerService.broadcastIntentWithFeature(android.app.IApplicationThread, java.lang.String, android.content.Intent, java.lang.String, android.content.IIntentReceiver, int, java.lang.String, android.os.Bundle, java.lang.String[], java.lang.String[], java.lang.String[], int, android.os.Bundle, boolean, boolean, int),,0,null,100]
I/dvm_lock_sample(  559): [system_server,0,watchdog.monitor,6610,ActivityManagerService.java,17019,void com.android.server.am.ActivityManagerService.monitor(),,0,null,100]
I/dvm_lock_sample(  559): [system_server,0,WifiHandlerThread,5561,ActivityManagerService.java,15321,int com.android.server.am.ActivityManagerService.broadcastIntentWithFeature(android.app.IApplicationThread, java.lang.String, android.content.Intent, java.lang.String, android.content.IIntentReceiver, int, java.lang.String, android.os.Bundle, java.lang.String[], java.lang.String[], java.lang.String[], int, android.os.Bundle, boolean, boolean, int),,0,null,100]
I/dvm_lock_sample(  559): [system_server,1,binder:559_1A,5881,ContentProviderHelper.java,174,android.app.ContentProviderHolder com.android.server.am.ContentProviderHelper.getContentProviderImpl(android.app.IApplicationThread, java.lang.String, android.os.IBinder, int, java.lang.String, java.lang.String, boolean, int),,0,null,100]
I/dvm_lock_sample(  559): [system_server,1,binder:559_15,5621,ActivityManagerService.java,13425,boolean com.android.server.am.ActivityManagerService.unbindService(android.app.IServiceConnection),,0,null,100]
I/dvm_lock_sample(  559): [system_server,1,binder:559_11,3667,ActivityManagerService.java,13787,android.content.Intent com.android.server.am.ActivityManagerService.registerReceiverWithFeature(android.app.IApplicationThread, java.lang.String, java.lang.String, java.lang.String, android.content.IIntentReceiver, android.content.IntentFilter, java.lang.String, int, int),,0,null,100]
I/dvm_lock_sample(  559): [system_server,1,ActivityManager,3583,BroadcastQueueModernImpl.java,293,boolean com.android.server.am.BroadcastQueueModernImpl.lambda$new$0(android.os.Message),,0,null,100]
I/am_wtf  (  559): [0,559,system_server,-1,ConnectivityService,Machine is not on the network]
I/dvm_lock_sample(  559): [system_server,0,AnrConsumer,21484,ProcessErrorStateRecord.java,628,void com.android.server.am.ProcessErrorStateRecord.appNotResponding(java.lang.String, android.content.pm.ApplicationInfo, java.lang.String, com.android.server.wm.WindowProcessController, boolean, com.android.internal.os.TimeoutRecord, java.util.concurrent.ExecutorService, boolean, boolean, java.util.concurrent.Future),,0,null,100]
I/am_kill (  559): [0,1375,com.google.android.gms.persistent,0,bg anr]
I/service_manager_slow(  559): [111,time_detector]
I/dvm_lock_sample(  559): [system_server,0,binder:559_9,3538,ActivityManagerService.java,13459,void com.android.server.am.ActivityManagerService.serviceDoneExecuting(android.os.IBinder, int, int, int),,0,null,100]
I/dvm_lock_sample(  559): [system_server,0,android.fg,11447,ActivityManagerService.java,15321,int com.android.server.am.ActivityManagerService.broadcastIntentWithFeature(android.app.IApplicationThread, java.lang.String, android.content.Intent, java.lang.String, android.content.IIntentReceiver, int, java.lang.String, android.os.Bundle, java.lang.String[], java.lang.String[], java.lang.String[], int, android.os.Bundle, boolean, boolean, int),,0,null,100]
I/dvm_lock_sample(  559): [system_server,1,binder:559_20,11055,ActivityManagerService.java,13425,boolean com.android.server.am.ActivityManagerService.unbindService(android.app.IServiceConnection),,0,null,100]
I/notification_cancel_all(  559): [1000,559,com.admin9.app.foundation,0,0,0,5,NULL]
I/dvm_lock_sample(  559): [system_server,0,binder:559_19,1581,BinderCallsStats.java,304,void com.android.internal.os.BinderCallsStats.processCallEnded(com.android.internal.os.BinderInternal$CallSession, int, int, int),-,358,void com.android.internal.os.BinderCallsStats.processCallEnded(com.android.internal.os.BinderInternal$CallSession, int, int, int),100]
I/dvm_lock_sample(  559): [system_server,0,binder:559_1A,888,BinderCallsStats.java,304,void com.android.internal.os.BinderCallsStats.processCallEnded(com.android.internal.os.BinderInternal$CallSession, int, int, int),-,358,void com.android.internal.os.BinderCallsStats.processCallEnded(com.android.internal.os.BinderInternal$CallSession, int, int, int),100]
I/dvm_lock_sample(  559): [system_server,0,main,871,BinderCallsStats.java,134,void com.android.internal.os.BinderCallsStats$1.run(),-,358,void com.android.internal.os.BinderCallsStats.processCallEnded(com.android.internal.os.BinderInternal$CallSession, int, int, int),100]
I/dvm_lock_sample(  559): [system_server,1,binder:559_F,605,BinderCallsStats.java,304,void com.android.internal.os.BinderCallsStats.processCallEnded(com.android.internal.os.BinderInternal$CallSession, int, int, int),-,358,void com.android.internal.os.BinderCallsStats.processCallEnded(com.android.internal.os.BinderInternal$CallSession, int, int, int),100]
I/dvm_lock_sample(  559): [system_server,1,binder:559_1F,805,BinderCallsStats.java,304,void com.android.internal.os.BinderCallsStats.processCallEnded(com.android.internal.os.BinderInternal$CallSession, int, int, int),-,358,void com.android.internal.os.BinderCallsStats.processCallEnded(com.android.internal.os.BinderInternal$CallSession, int, int, int),100]
I/service_manager_slow( 1353): [135,legacy_permission]
I/dvm_lock_sample(  559): [system_server,0,binder:559_D,5667,ActivityManagerService.java,15321,int com.android.server.am.ActivityManagerService.broadcastIntentWithFeature(android.app.IApplicationThread, java.lang.String, android.content.Intent, java.lang.String, android.content.IIntentReceiver, int, java.lang.String, android.os.Bundle, java.lang.String[], java.lang.String[], java.lang.String[], int, android.os.Bundle, boolean, boolean, int),,0,null,100]
I/dvm_lock_sample(  559): [system_server,0,android.bg,5524,ContentProviderHelper.java,1495,void com.android.server.am.ContentProviderHelper.handleProviderRemoval(com.android.server.am.ContentProviderConnection, boolean, boolean),,0,null,100]
I/dvm_lock_sample(  559): [system_server,0,binder:559_B,4348,ActivityManagerService.java,3820,void com.android.server.am.ActivityManagerService.forceStopPackage(java.lang.String, int, int),,0,null,100]
I/dvm_lock_sample(  559): [system_server,0,binder:559_15,1612,BinderCallsStats.java,304,void com.android.internal.os.BinderCallsStats.processCallEnded(com.android.internal.os.BinderInternal$CallSession, int, int, int),-,358,void com.android.internal.os.BinderCallsStats.processCallEnded(com.android.internal.os.BinderInternal$CallSession, int, int, int),100]
I/dvm_lock_sample(  559): [system_server,0,batterystats-handler,468,MessageQueue.java,337,android.os.Message android.os.MessageQueue.next(),-,600,boolean android.os.MessageQueue.enqueueMessage(android.os.Message, long),93]
I/netstats_mobile_sample(  559): [135076,114656,405,488,144499,73963,416,352,1787495192911]
I/netstats_wifi_sample(  559): [257363,157157,538,646,280015,134745,569,585,1787495192911]
I/service_manager_slow(  559): [153,time_detector]
I/service_manager_slow(  850): [59,connmetrics]
I/dvm_lock_sample(  559): [system_server,1,binder:559_16,13575,ActivityManagerService.java,14086,void com.android.server.am.ActivityManagerService.unregisterReceiver(android.content.IIntentReceiver),,0,null,100]
I/dvm_lock_sample(  559): [system_server,0,AnrConsumer,8254,ProcessErrorStateRecord.java,327,void com.android.server.am.ProcessErrorStateRecord.appNotResponding(java.lang.String, android.content.pm.ApplicationInfo, java.lang.String, com.android.server.wm.WindowProcessController, boolean, com.android.internal.os.TimeoutRecord, java.util.concurrent.ExecutorService, boolean, boolean, java.util.concurrent.Future),,0,null,100]
I/am_anr  (  559): [0,1626,com.google.android.googlequicksearchbox:search,685489733,executing service com.google.android.googlequicksearchbox/com.google.android.apps.gsa.tasks.BackgroundTasksJobService]
I/dvm_lock_sample(  559): [system_server,0,binder:559_4,7854,ActivityManagerService.java,13459,void com.android.server.am.ActivityManagerService.serviceDoneExecuting(android.os.IBinder, int, int, int),,0,null,100]
I/dvm_lock_sample(  559): [system_server,0,main,7529,ActivityManagerService.java,15321,int com.android.server.am.ActivityManagerService.broadcastIntentWithFeature(android.app.IApplicationThread, java.lang.String, android.content.Intent, java.lang.String, android.content.IIntentReceiver, int, java.lang.String, android.os.Bundle, java.lang.String[], java.lang.String[], java.lang.String[], int, android.os.Bundle, boolean, boolean, int),,0,null,100]
I/dvm_lock_sample(  559): [system_server,0,android.bg,6974,ContentProviderHelper.java,1495,void com.android.server.am.ContentProviderHelper.handleProviderRemoval(com.android.server.am.ContentProviderConnection, boolean, boolean),,0,null,100]
I/dvm_lock_sample(  559): [system_server,0,NetworkStats,3387,ActivityManagerService.java,15321,int com.android.server.am.ActivityManagerService.broadcastIntentWithFeature(android.app.IApplicationThread, java.lang.String, android.content.Intent, java.lang.String, android.content.IIntentReceiver, int, java.lang.String, android.os.Bundle, java.lang.String[], java.lang.String[], java.lang.String[], int, android.os.Bundle, boolean, boolean, int),,0,null,100]
I/dvm_lock_sample(  559): [system_server,1,binder:559_D,3028,ActivityManagerService.java,13403,int com.android.server.am.ActivityManagerService.bindServiceInstance(android.app.IApplicationThread, android.os.IBinder, android.content.Intent, java.lang.String, android.app.IServiceConnection, long, java.lang.String, boolean, int, java.lang.String, android.app.IApplicationThread, java.lang.String, int),,0,null,100]
I/netstats_mobile_sample(  559): [137046,117455,410,494,147226,76358,434,371,1787495197496]
I/netstats_wifi_sample(  559): [257363,157157,538,646,280015,134745,569,585,1787495197496]
I/service_manager_slow(  850): [436,connmetrics]
I/dvm_lock_sample(  559): [system_server,0,binder:559_B,71,PermissionManagerServiceImpl.java,972,int com.android.server.pm.permission.PermissionManagerServiceImpl.checkPermissionInternal(com.android.server.pm.pkg.AndroidPackage, boolean, java.lang.String, int),-,5203,java.util.Set com.android.server.pm.permission.PermissionManagerServiceImpl.getInstalledPermissions(java.lang.String),14]
I/dvm_lock_sample(  559): [system_server,1,binder:559_16,5699,ActivityManagerService.java,14086,void com.android.server.am.ActivityManagerService.unregisterReceiver(android.content.IIntentReceiver),,0,null,100]
I/dvm_lock_sample(  559): [system_server,1,binder:559_F,5574,ActivityManagerService.java,14086,void com.android.server.am.ActivityManagerService.unregisterReceiver(android.content.IIntentReceiver),,0,null,100]
I/dvm_lock_sample(  559): [system_server,0,NetworkStats,3741,ActivityManagerService.java,15321,int com.android.server.am.ActivityManagerService.broadcastIntentWithFeature(android.app.IApplicationThread, java.lang.String, android.content.Intent, java.lang.String, android.content.IIntentReceiver, int, java.lang.String, android.os.Bundle, java.lang.String[], java.lang.String[], java.lang.String[], int, android.os.Bundle, boolean, boolean, int),,0,null,100]
I/dvm_lock_sample(  559): [system_server,0,binder:559_4,3054,ActivityManagerService.java,15434,void com.android.server.am.ActivityManagerService.finishReceiver(android.os.IBinder, int, java.lang.String, android.os.Bundle, boolean, int),,0,null,100]
I/am_wtf  (  559): [0,559,system_server,-1,ConnectivityService,Machine is not on the network]
I/dvm_lock_sample(  559): [system_server,1,binder:559_1E,265,ActivityManagerService.java,14086,void com.android.server.am.ActivityManagerService.unregisterReceiver(android.content.IIntentReceiver),,0,null,53]
I/dvm_lock_sample(  559): [system_server,0,android.bg,5153,ContentProviderHelper.java,1495,void com.android.server.am.ContentProviderHelper.handleProviderRemoval(com.android.server.am.ContentProviderConnection, boolean, boolean),,0,null,100]
I/dvm_lock_sample(  559): [system_server,1,binder:559_F,167,ActivityManagerService.java,14086,void com.android.server.am.ActivityManagerService.unregisterReceiver(android.content.IIntentReceiver),-,15446,void com.android.server.am.ActivityManagerService.finishReceiver(android.os.IBinder, int, java.lang.String, android.os.Bundle, boolean, int),33]
I/dvm_lock_sample(  559): [system_server,1,binder:559_11,1193,ActivityManagerService.java,14086,void com.android.server.am.ActivityManagerService.unregisterReceiver(android.content.IIntentReceiver),,0,null,100]
I/dvm_lock_sample(  559): [system_server,1,ActivityManager,116,BroadcastQueueModernImpl.java,293,boolean com.android.server.am.BroadcastQueueModernImpl.lambda$new$0(android.os.Message),ActivityManagerService.java,15446,void com.android.server.am.ActivityManagerService.finishReceiver(android.os.IBinder, int, java.lang.String, android.os.Bundle, boolean, int),23]
I/am_kill (  559): [0,4540,crash_dump64,-1000,Stale process]
I/dvm_lock_sample(  559): [system_server,0,main,271,PropertyInvalidatedCache.java,1293,void android.app.PropertyInvalidatedCache$AutoCorker.handleMessage(android.os.Message),-,1289,void android.app.PropertyInvalidatedCache$AutoCorker.autoCork(),54]
I/dvm_lock_sample(  559): [system_server,1,binder:559_D,177,PermissionManagerServiceImpl.java,972,int com.android.server.pm.permission.PermissionManagerServiceImpl.checkPermissionInternal(com.android.server.pm.pkg.AndroidPackage, boolean, java.lang.String, int),-,879,void com.android.server.pm.permission.PermissionManagerServiceImpl.updatePermissionFlagsInternal(java.lang.String, java.lang.String, int, int, int, int, boolean, com.android.server.pm.permission.PermissionManagerServiceImpl$PermissionCallback),35]
I/service_manager_slow(  559): [461,time_detector]
I/dvm_lock_sample(  850): [com.android.networkstack.process,0,NetworkStackNotifier,210,MessageQueue.java,337,android.os.Message android.os.MessageQueue.next(),-,600,boolean android.os.MessageQueue.enqueueMessage(android.os.Message, long),42]
I/service_manager_slow(  559): [763,time_detector]
I/dvm_lock_sample(  559): [system_server,0,WifiHandlerThread,588,StatsEvent.java,874,void android.util.StatsEvent$Buffer.release(),-,856,android.util.StatsEvent$Buffer android.util.StatsEvent$Buffer.obtain(),100]
I/dvm_lock_sample(  559): [system_server,1,binder:559_D,129,PermissionManagerServiceImpl.java,972,int com.android.server.pm.permission.PermissionManagerServiceImpl.checkPermissionInternal(com.android.server.pm.pkg.AndroidPackage, boolean, java.lang.String, int),-,879,void com.android.server.pm.permission.PermissionManagerServiceImpl.updatePermissionFlagsInternal(java.lang.String, java.lang.String, int, int, int, int, boolean, com.android.server.pm.permission.PermissionManagerServiceImpl$PermissionCallback),25]
I/am_compact(  559): [1616,com.google.android.apps.youtube.music,ANON,164196,112008,50788,17544,-22536,-520,-22016,21768,51385,SOME,0,985,19,90084,-6644]
I/dvm_lock_sample(  559): [system_server,1,binder:559_3,105,PermissionManagerServiceImpl.java,972,int com.android.server.pm.permission.PermissionManagerServiceImpl.checkPermissionInternal(com.android.server.pm.pkg.AndroidPackage, boolean, java.lang.String, int),-,879,void com.android.server.pm.permission.PermissionManagerServiceImpl.updatePermissionFlagsInternal(java.lang.String, java.lang.String, int, int, int, int, boolean, com.android.server.pm.permission.PermissionManagerServiceImpl$PermissionCallback),21]
I/notification_cancel_all(  559): [1000,559,com.admin9.app.foundation,0,0,0,5,NULL]
I/dvm_lock_sample(  788): [com.android.systemui,0,TimeTick,748,MessageQueue.java,337,android.os.Message android.os.MessageQueue.next(),-,600,boolean android.os.MessageQueue.enqueueMessage(android.os.Message, long),100]
I/wm_task_created(  559): 7
I/wm_task_moved(  559): [7,7,0,1,2]
I/wm_task_to_front(  559): [0,7,0]
I/dvm_lock_sample( 1410): [com.google.android.inputmethod.l,0,binder:1410_4,514,MessageQueue.java,554,boolean android.os.MessageQueue.enqueueMessage(android.os.Message, long),-,600,boolean android.os.MessageQueue.enqueueMessage(android.os.Message, long),100]
I/wm_create_task(  559): [0,7,7,0]
I/wm_create_activity(  559): [0,192531700,7,com.admin9.app.foundation/.MainActivity,NULL,NULL,NULL,268435456]
I/wm_task_moved(  559): [7,7,0,1,2]
I/wm_on_top_resumed_lost_called( 1070): [247126299,com.google.android.apps.nexuslauncher.NexusLauncherActivity,topStateChangedWhenResumed]
I/wm_pause_activity(  559): [0,247126299,com.google.android.apps.nexuslauncher/.NexusLauncherActivity,userLeaving=true,pauseBackTasks]
I/dvm_lock_sample(  559): [system_server,1,binder:559_11,4369,ActivityTaskManagerService.java,2346,boolean com.android.server.wm.ActivityTaskManagerService.isControllerAMonkey(),SnapshotCache.java,53,android.window.TaskSnapshot com.android.server.wm.SnapshotCache.getSnapshot(java.lang.Integer),100]
I/dvm_lock_sample(  559): [system_server,0,AnrConsumer,4117,WindowProcessController.java,903,boolean com.android.server.wm.WindowProcessController.isInterestingToUser(),SnapshotCache.java,53,android.window.TaskSnapshot com.android.server.wm.SnapshotCache.getSnapshot(java.lang.Integer),100]
I/dvm_lock_sample(  559): [system_server,1,android.display,1859,RootWindowContainer.java,3611,void com.android.server.wm.RootWindowContainer$RankTaskLayersRunnable.run(),SnapshotCache.java,53,android.window.TaskSnapshot com.android.server.wm.SnapshotCache.getSnapshot(java.lang.Integer),100]
I/dvm_lock_sample(  559): [system_server,1,ActivityManager,4766,ProcessList.java,3074,void com.android.server.am.ProcessList.addProcessNameLocked(com.android.server.am.ProcessRecord),ActivityManagerService.java,7276,boolean com.android.server.am.ActivityManagerService.isUserAMonkey(),100]
I/dvm_lock_sample(  559): [system_server,1,android.anim,808,WindowAnimator.java,97,void com.android.server.wm.WindowAnimator.lambda$new$1(long),SnapshotCache.java,53,android.window.TaskSnapshot com.android.server.wm.SnapshotCache.getSnapshot(java.lang.Integer),100]
I/dvm_lock_sample(  559): [system_server,1,binder:559_15,2810,ActivityClientController.java,203,void com.android.server.wm.ActivityClientController.activityTopResumedStateLost(),SnapshotCache.java,53,android.window.TaskSnapshot com.android.server.wm.SnapshotCache.getSnapshot(java.lang.Integer),100]
I/am_uid_running(  559): 10123
I/dvm_lock_sample(  559): [system_server,0,WifiHandlerThread,6559,ActivityManagerService.java,5964,boolean com.android.server.am.ActivityManagerService.isAppStartModeDisabled(int, java.lang.String),-,7276,boolean com.android.server.am.ActivityManagerService.isUserAMonkey(),100]
I/dvm_lock_sample(  559): [system_server,0,CachedAppOptimizerThread,5946,CachedAppOptimizer.java,2060,void com.android.server.am.CachedAppOptimizer$MemCompactionHandler.handleMessage(android.os.Message),ActivityManagerService.java,7276,boolean com.android.server.am.ActivityManagerService.isUserAMonkey(),100]
I/dvm_lock_sample(  559): [system_server,0,AnrConsumer,2832,ActivityManagerService.java,9146,void com.android.server.am.ActivityManagerService.appendDropBoxProcessHeaders(com.android.server.am.ProcessRecord, java.lang.String, java.lang.StringBuilder),-,7276,boolean com.android.server.am.ActivityManagerService.isUserAMonkey(),100]
I/dvm_lock_sample(  559): [system_server,0,watchdog.monitor,7873,ActivityManagerService.java,17019,void com.android.server.am.ActivityManagerService.monitor(),BroadcastQueueModernImpl.java,559,void com.android.server.am.BroadcastQueueModernImpl.checkPendingColdStartValidity(),100]
I/dvm_lock_sample(  559): [system_server,0,CachedAppOptimizerThread,380,CachedAppOptimizer.java,1913,void com.android.server.am.CachedAppOptimizer$MemCompactionHandler.handleMessage(android.os.Message),ActivityManagerService.java,9195,void com.android.server.am.ActivityManagerService.appendDropBoxProcessHeaders(com.android.server.am.ProcessRecord, java.lang.String, java.lang.StringBuilder),76]
I/dvm_lock_sample(  559): [system_server,0,main,6046,AlarmManagerService.java,5141,void com.android.server.alarm.AlarmManagerService$AlarmHandler.handleMessage(android.os.Message),-,2373,void com.android.server.alarm.AlarmManagerService.setImpl(int, long, long, long, android.app.PendingIntent, android.app.IAlarmListener, java.lang.String, int, android.os.WorkSource, android.app.AlarmManager$AlarmClockInfo, int, java.lang.String, android.os.Bundle, int),100]
I/wm_on_paused_called( 1070): [247126299,com.google.android.apps.nexuslauncher.NexusLauncherActivity,performPause,437]
I/dvm_lock_sample( 1626): [com.google.android.googlequickse,1,BG Thread #0,290,PG,-1,com.google.android.apps.gsa.y.a.d com.google.android.apps.gsa.y.a.a.i(com.google.android.apps.gsa.u.b, com.google.android.apps.gsa.u.h, com.google.android.apps.gsa.u.h, int),-,5,com.google.android.apps.gsa.y.a.d com.google.android.apps.gsa.y.a.a.i(com.google.android.apps.gsa.u.b, com.google.android.apps.gsa.u.h, com.google.android.apps.gsa.u.h, int),58]
I/dvm_lock_sample( 1626): [com.google.android.googlequickse,0,EventBus0,372,PG,-1,com.google.android.apps.gsa.y.a.d com.google.android.apps.gsa.y.a.a.g(com.google.android.apps.gsa.u.b, com.google.android.apps.gsa.u.h),-,5,com.google.android.apps.gsa.y.a.d com.google.android.apps.gsa.y.a.a.i(com.google.android.apps.gsa.u.b, com.google.android.apps.gsa.u.h, com.google.android.apps.gsa.u.h, int),74]
I/dvm_lock_sample(  559): [system_server,0,watchdog.monitor,1020,WindowManagerService.java,7112,void com.android.server.wm.WindowManagerService.monitor(),-,1860,int com.android.server.wm.WindowManagerService.addWindow(com.android.server.wm.Session, android.view.IWindow, android.view.WindowManager$LayoutParams, int, int, int, int, android.view.InputChannel, android.view.InsetsState, android.view.InsetsSourceControl$Array, android.graphics.Rect, float[]),100]
I/dvm_lock_sample(  559): [system_server,1,binder:559_F,1067,ActivityClientController.java,212,void com.android.server.wm.ActivityClientController.activityPaused(android.os.IBinder),WindowManagerService.java,1860,int com.android.server.wm.WindowManagerService.addWindow(com.android.server.wm.Session, android.view.IWindow, android.view.WindowManager$LayoutParams, int, int, int, int, android.view.InputChannel, android.view.InsetsState, android.view.InsetsSourceControl$Array, android.graphics.Rect, float[]),100]
I/wm_add_to_stopping(  559): [0,247126299,com.google.android.apps.nexuslauncher/.NexusLauncherActivity,makeInvisible]
I/dvm_lock_sample( 1626): [com.google.android.googlequickse,0,Blocking Thread #25,1672,PG,1,void com.google.android.apps.gsa.k.d.d(com.google.android.apps.gsa.k.c),-,15,void com.google.android.apps.gsa.k.d.d(com.google.android.apps.gsa.k.c),100]
I/dvm_lock_sample(  559): [system_server,0,AlarmManager,609,AlarmManagerService.java,4748,void com.android.server.alarm.AlarmManagerService$AlarmThread.run(),-,2373,void com.android.server.alarm.AlarmManagerService.setImpl(int, long, long, long, android.app.PendingIntent, android.app.IAlarmListener, java.lang.String, int, android.os.WorkSource, android.app.AlarmManager$AlarmClockInfo, int, java.lang.String, android.os.Bundle, int),100]
I/dvm_lock_sample(  559): [system_server,0,PackageManager,8238,ActivityManagerService.java,18079,int com.android.server.am.ActivityManagerService$LocalService.broadcastIntent(android.content.Intent, android.content.IIntentReceiver, java.lang.String[], boolean, int, int[], java.util.function.BiFunction, android.os.Bundle),BroadcastQueueModernImpl.java,559,void com.android.server.am.BroadcastQueueModernImpl.checkPendingColdStartValidity(),100]
I/pm_snapshot_rebuild(  559): [1277,5247]
I/dvm_lock_sample(  559): [system_server,1,binder:559_1A,1218,PackageManagerService.java,1169,com.android.server.pm.Computer com.android.server.pm.PackageManagerService.snapshotComputer(boolean),-,1195,com.android.server.pm.Computer com.android.server.pm.PackageManagerService.snapshotComputer(boolean),100]
I/dvm_lock_sample(  559): [system_server,1,binder:559_14,1247,PackageManagerService.java,1169,com.android.server.pm.Computer com.android.server.pm.PackageManagerService.snapshotComputer(boolean),-,1195,com.android.server.pm.Computer com.android.server.pm.PackageManagerService.snapshotComputer(boolean),100]
I/dvm_lock_sample(  559): [system_server,0,binder:559_F,381,PackageManagerService.java,1169,com.android.server.pm.Computer com.android.server.pm.PackageManagerService.snapshotComputer(boolean),-,1195,com.android.server.pm.Computer com.android.server.pm.PackageManagerService.snapshotComputer(boolean),76]
I/dvm_lock_sample(  559): [system_server,1,binder:559_20,357,PackageManagerService.java,1169,com.android.server.pm.Computer com.android.server.pm.PackageManagerService.snapshotComputer(boolean),-,1195,com.android.server.pm.Computer com.android.server.pm.PackageManagerService.snapshotComputer(boolean),71]
I/dvm_lock_sample(  559): [system_server,1,binder:559_14,542,AlarmManagerService.java,2351,void com.android.server.alarm.AlarmManagerService.setImpl(int, long, long, long, android.app.PendingIntent, android.app.IAlarmListener, java.lang.String, int, android.os.WorkSource, android.app.AlarmManager$AlarmClockInfo, int, java.lang.String, android.os.Bundle, int),-,4891,void com.android.server.alarm.AlarmManagerService$AlarmThread.run(),100]
I/dvm_lock_sample(  559): [system_server,0,appscheduling.default,1212,ConnectivityController.java,1526,void com.android.server.job.controllers.ConnectivityController$CcHandler.handleMessage(android.os.Message),JobSchedulerService.java,1818,int com.android.server.job.JobSchedulerService.scheduleAsPackage(android.app.job.JobInfo, android.app.job.JobWorkItem, int, java.lang.String, int, java.lang.String, java.lang.String),100]
I/input_focus(  559): [Focus leaving f4b7b78 com.google.android.apps.nexuslauncher/com.google.android.apps.nexuslauncher.NexusLauncherActivity (server),reason=NO_WINDOW]
I/dvm_lock_sample(  559): [system_server,1,binder:559_16,11388,ContentProviderHelper.java,174,android.app.ContentProviderHolder com.android.server.am.ContentProviderHelper.getContentProviderImpl(android.app.IApplicationThread, java.lang.String, android.os.IBinder, int, java.lang.String, java.lang.String, boolean, int),,0,null,100]
I/dvm_lock_sample(  559): [system_server,1,binder:559_9,12012,ActivityManagerService.java,15321,int com.android.server.am.ActivityManagerService.broadcastIntentWithFeature(android.app.IApplicationThread, java.lang.String, android.content.Intent, java.lang.String, android.content.IIntentReceiver, int, java.lang.String, android.os.Bundle, java.lang.String[], java.lang.String[], java.lang.String[], int, android.os.Bundle, boolean, boolean, int),,0,null,100]
I/dvm_lock_sample(  559): [system_server,0,ConnectivityServiceThread,9547,ActivityManagerService.java,15321,int com.android.server.am.ActivityManagerService.broadcastIntentWithFeature(android.app.IApplicationThread, java.lang.String, android.content.Intent, java.lang.String, android.content.IIntentReceiver, int, java.lang.String, android.os.Bundle, java.lang.String[], java.lang.String[], java.lang.String[], int, android.os.Bundle, boolean, boolean, int),,0,null,100]
I/dvm_lock_sample(  559): [system_server,1,binder:559_D,8235,ActivityManagerService.java,13403,int com.android.server.am.ActivityManagerService.bindServiceInstance(android.app.IApplicationThread, android.os.IBinder, android.content.Intent, java.lang.String, android.app.IServiceConnection, long, java.lang.String, boolean, int, java.lang.String, android.app.IApplicationThread, java.lang.String, int),,0,null,100]
I/dvm_lock_sample(  559): [system_server,1,binder:559_1E,8084,ContentProviderHelper.java,174,android.app.ContentProviderHolder com.android.server.am.ContentProviderHelper.getContentProviderImpl(android.app.IApplicationThread, java.lang.String, android.os.IBinder, int, java.lang.String, java.lang.String, boolean, int),,0,null,100]
I/dvm_lock_sample(  559): [system_server,0,binder:559_F,1544,Session.java,943,void com.android.server.wm.Session.setOnBackInvokedCallbackInfo(android.view.IWindow, android.window.OnBackInvokedCallbackInfo),ActivityTaskManagerService.java,1133,android.content.res.Configuration com.android.server.wm.ActivityTaskManagerService.getGlobalConfigurationForPid(int),100]
I/dvm_lock_sample(  559): [system_server,0,AnrConsumer,1155,WindowProcessController.java,903,boolean com.android.server.wm.WindowProcessController.isInterestingToUser(),ActivityTaskManagerService.java,1133,android.content.res.Configuration com.android.server.wm.ActivityTaskManagerService.getGlobalConfigurationForPid(int),100]
I/am_kill (  559): [0,1626,com.google.android.googlequicksearchbox:search,0,bg anr]
I/dvm_lock_sample(  559): [system_server,1,android.anim,991,InputMonitor.java,121,void com.android.server.wm.InputMonitor$UpdateInputWindows.run(),ActivityTaskManagerService.java,1133,android.content.res.Configuration com.android.server.wm.ActivityTaskManagerService.getGlobalConfigurationForPid(int),100]
I/am_uid_running(  559): 10192
I/dvm_lock_sample(  559): [system_server,1,android.anim,348,InputMonitor.java,121,void com.android.server.wm.InputMonitor$UpdateInputWindows.run(),BLASTSyncEngine.java,145,void com.android.server.wm.BLASTSyncEngine$SyncGroup.lambda$new$0(),69]
I/am_proc_start(  559): [0,4604,10123,com.google.android.dialer,broadcast,{com.google.android.dialer/com.android.dialer.voicemail.service.impl.vvmclients.omtp.sms.receiver.VvmSendSmsResultReceiver_Receiver}]
I/dvm_lock_sample(  559): [system_server,0,binder:559_2,474,BinderProxy.java,448,android.os.BinderProxy android.os.BinderProxy.getInstance(long, long),-,452,android.os.BinderProxy android.os.BinderProxy.getInstance(long, long),94]
I/dvm_lock_sample(  559): [system_server,0,binder:559_4,951,BinderProxy.java,448,android.os.BinderProxy android.os.BinderProxy.getInstance(long, long),-,452,android.os.BinderProxy android.os.BinderProxy.getInstance(long, long),100]
I/dvm_lock_sample(  559): [system_server,0,binder:559_16,952,BinderProxy.java,448,android.os.BinderProxy android.os.BinderProxy.getInstance(long, long),-,452,android.os.BinderProxy android.os.BinderProxy.getInstance(long, long),100]
I/dvm_lock_sample(  559): [system_server,0,binder:559_3,997,BinderProxy.java,448,android.os.BinderProxy android.os.BinderProxy.getInstance(long, long),-,452,android.os.BinderProxy android.os.BinderProxy.getInstance(long, long),100]
I/dvm_lock_sample(  559): [system_server,0,binder:559_1B,1452,BinderProxy.java,448,android.os.BinderProxy android.os.BinderProxy.getInstance(long, long),-,452,android.os.BinderProxy android.os.BinderProxy.getInstance(long, long),100]
I/dvm_lock_sample(  559): [system_server,0,binder:559_15,1595,BinderProxy.java,448,android.os.BinderProxy android.os.BinderProxy.getInstance(long, long),-,452,android.os.BinderProxy android.os.BinderProxy.getInstance(long, long),100]
I/dvm_lock_sample(  559): [system_server,0,binder:559_1A,1383,BinderProxy.java,448,android.os.BinderProxy android.os.BinderProxy.getInstance(long, long),-,452,android.os.BinderProxy android.os.BinderProxy.getInstance(long, long),100]
I/dvm_lock_sample(  559): [system_server,0,binder:559_1F,1352,BinderProxy.java,448,android.os.BinderProxy android.os.BinderProxy.getInstance(long, long),-,452,android.os.BinderProxy android.os.BinderProxy.getInstance(long, long),100]
I/dvm_lock_sample(  559): [system_server,0,binder:559_1E,1896,BinderProxy.java,448,android.os.BinderProxy android.os.BinderProxy.getInstance(long, long),-,452,android.os.BinderProxy android.os.BinderProxy.getInstance(long, long),100]
I/dvm_lock_sample(  559): [system_server,0,binder:559_6,3245,BinderProxy.java,448,android.os.BinderProxy android.os.BinderProxy.getInstance(long, long),,0,null,100]
I/dvm_lock_sample(  559): [system_server,0,binder:559_E,3324,BinderProxy.java,448,android.os.BinderProxy android.os.BinderProxy.getInstance(long, long),,0,null,100]
I/dvm_lock_sample(  559): [system_server,0,binder:559_13,2930,BinderProxy.java,448,android.os.BinderProxy android.os.BinderProxy.getInstance(long, long),,0,null,100]
I/dvm_lock_sample(  559): [system_server,1,ActivityManager:procStart,1273,ActivityTaskManagerService.java,6104,void com.android.server.wm.ActivityTaskManagerService$LocalService.onProcessMapped(int, com.android.server.wm.WindowProcessController),WindowAnimator.java,103,void com.android.server.wm.WindowAnimator.lambda$new$1(long),100]
I/am_proc_died(  559): [0,1375,com.google.android.gms.persistent,0,3]
I/dvm_lock_sample(  559): [system_server,0,binder:559_1,3805,BinderProxy.java,448,android.os.BinderProxy android.os.BinderProxy.getInstance(long, long),,0,null,100]
I/dvm_lock_sample(  559): [system_server,0,PackageManagerBg,916,PropertyInvalidatedCache.java,1272,void android.app.PropertyInvalidatedCache$AutoCorker.autoCork(),-,1289,void android.app.PropertyInvalidatedCache$AutoCorker.autoCork(),100]
I/dvm_lock_sample(  559): [system_server,0,binder:559_F,4233,BinderProxy.java,448,android.os.BinderProxy android.os.BinderProxy.getInstance(long, long),,0,null,100]
I/dvm_lock_sample(  559): [system_server,0,binder:559_C,6869,BinderProxy.java,448,android.os.BinderProxy android.os.BinderProxy.getInstance(long, long),,0,null,100]
I/dvm_lock_sample(  559): [system_server,0,binder:559_5,6735,BinderProxy.java,448,android.os.BinderProxy android.os.BinderProxy.getInstance(long, long),,0,null,100]
I/dvm_lock_sample(  559): [system_server,0,binder:559_16,4572,BinderProxy.java,448,android.os.BinderProxy android.os.BinderProxy.getInstance(long, long),,0,null,100]
I/dvm_lock_sample(  559): [system_server,0,binder:559_17,3205,BinderProxy.java,448,android.os.BinderProxy android.os.BinderProxy.getInstance(long, long),,0,null,100]
I/dvm_lock_sample(  559): [system_server,0,binder:559_A,3217,BinderProxy.java,448,android.os.BinderProxy android.os.BinderProxy.getInstance(long, long),,0,null,100]
I/dvm_lock_sample(  559): [system_server,0,binder:559_18,3275,BinderProxy.java,448,android.os.BinderProxy android.os.BinderProxy.getInstance(long, long),,0,null,100]
I/pm_snapshot_rebuild(  559): [139,647]
I/dvm_lock_sample(  559): [system_server,0,binder:559_7,3329,BinderProxy.java,448,android.os.BinderProxy android.os.BinderProxy.getInstance(long, long),,0,null,100]
I/dvm_lock_sample(  559): [system_server,0,binder:559_13,285,PackageManagerService.java,1169,com.android.server.pm.Computer com.android.server.pm.PackageManagerService.snapshotComputer(boolean),-,1195,com.android.server.pm.Computer com.android.server.pm.PackageManagerService.snapshotComputer(boolean),57]
I/am_schedule_service_restart(  559): [0,com.google.android.gms/.chimera.PersistentDirectBootAwareApiService,1000]
I/am_schedule_service_restart(  559): [0,com.google.android.gms/.gcm.GcmService,146454]
I/am_schedule_service_restart(  559): [0,com.google.android.gms/com.google.android.location.fused.FusedLocationService,10984]
I/am_schedule_service_restart(  559): [0,com.google.android.gms/.location.geocode.GeocodeService,20983]
I/am_schedule_service_restart(  559): [0,com.google.android.gms/.nearby.sharing.ReceiveSurfaceService,30983]
I/am_schedule_service_restart(  559): [0,com.google.android.gms/com.google.android.location.internal.GoogleLocationManagerService,40983]
I/am_schedule_service_restart(  559): [0,com.google.android.gms/.common.stats.GmsCoreStatsService,50983]
I/am_compact(  559): [3329,com.google.android.configupdater,ANON,81132,46696,33688,14480,-3156,0,-3156,3140,15282,SOME,0,999,19,96712,32]
I/am_schedule_service_restart(  559): [0,com.google.android.gms/.gcm.nts.SchedulerService,60983]
I/am_schedule_service_restart(  559): [0,com.google.android.gms/.fido.fido2.pollux.CableAuthenticatorService,70948]
I/am_schedule_service_restart(  559): [0,com.google.android.gms/com.google.android.location.internal.server.HardwareArProviderService,80948]
I/am_schedule_service_restart(  559): [0,com.google.android.gms/.thunderbird.EmergencyPersistentService,90948]
I/am_schedule_service_restart(  559): [0,com.google.android.gms/com.google.android.location.internal.server.GoogleLocationService,100948]
I/am_schedule_service_restart(  559): [0,com.google.android.gms/.auth.setup.devicesignals.LockScreenService,110948]
I/am_schedule_service_restart(  559): [0,com.google.android.gms/.nearby.exposurenotification.service.ExposureMatchingService,120948]
I/am_schedule_service_restart(  559): [0,com.google.android.gms/.chimera.PersistentIntentOperationService,172836]
I/am_schedule_service_restart(  559): [0,com.google.android.gms/.location.persistent.LocationPersistentService,130948]
I/am_schedule_service_restart(  559): [0,com.google.android.gms/.clearcut.debug.ClearcutDebugDumpService,182836]
I/am_schedule_service_restart(  559): [0,com.google.android.gms/.geotimezone.GeoTimeZoneService,192836]
I/am_schedule_service_restart(  559): [0,com.google.android.gms/com.google.android.location.network.NetworkLocationService,202836]
I/am_schedule_service_restart(  559): [0,com.google.android.gms/.chimera.PersistentBoundBrokerService,212836]
I/am_schedule_service_restart(  559): [0,com.google.android.gms/com.google.android.contextmanager.service.ContextManagerService,222836]
I/am_schedule_service_restart(  559): [0,com.google.android.gms/.chimera.PersistentApiService,232834]
I/am_schedule_service_restart(  559): [0,com.google.android.gms/.fido.authenticator.service.AuthenticatorService,242834]
I/am_schedule_service_restart(  559): [0,com.google.android.gms/.deviceconnection.service.DeviceConnectionWatcherService,252834]
I/dvm_lock_sample(  559): [system_server,0,binder:559_11,3799,BinderProxy.java,448,android.os.BinderProxy android.os.BinderProxy.getInstance(long, long),,0,null,100]
I/dvm_lock_sample(  559): [system_server,0,android.perm,13211,ActivityManagerService.java,13425,boolean com.android.server.am.ActivityManagerService.unbindService(android.app.IServiceConnection),,0,null,100]
I/dvm_lock_sample(  559): [system_server,0,binder:559_1A,3842,BinderProxy.java,448,android.os.BinderProxy android.os.BinderProxy.getInstance(long, long),,0,null,100]
I/dvm_lock_sample(  559): [system_server,0,binder:559_E,3874,BinderProxy.java,448,android.os.BinderProxy android.os.BinderProxy.getInstance(long, long),,0,null,100]
I/dvm_lock_sample(  559): [system_server,0,binder:559_1C,3470,BinderProxy.java,448,android.os.BinderProxy android.os.BinderProxy.getInstance(long, long),,0,null,100]
I/dvm_lock_sample(  559): [system_server,0,binder:559_20,1295,BinderProxy.java,448,android.os.BinderProxy android.os.BinderProxy.getInstance(long, long),-,452,android.os.BinderProxy android.os.BinderProxy.getInstance(long, long),100]
I/dvm_lock_sample(  559): [system_server,0,binder:559_1F,5676,BinderProxy.java,448,android.os.BinderProxy android.os.BinderProxy.getInstance(long, long),,0,null,100]
I/dvm_lock_sample(  559): [system_server,0,binder:559_1E,3969,BinderProxy.java,448,android.os.BinderProxy android.os.BinderProxy.getInstance(long, long),,0,null,100]
I/dvm_lock_sample(  559): [system_server,0,binder:559_14,3899,BinderProxy.java,448,android.os.BinderProxy android.os.BinderProxy.getInstance(long, long),,0,null,100]
I/dvm_lock_sample(  559): [system_server,0,binder:559_8,3919,BinderProxy.java,448,android.os.BinderProxy android.os.BinderProxy.getInstance(long, long),,0,null,100]
I/dvm_lock_sample(  559): [system_server,0,binder:559_4,4040,BinderProxy.java,448,android.os.BinderProxy android.os.BinderProxy.getInstance(long, long),,0,null,100]
I/dvm_lock_sample(  559): [system_server,0,binder:559_2,4042,BinderProxy.java,448,android.os.BinderProxy android.os.BinderProxy.getInstance(long, long),,0,null,100]
I/dvm_lock_sample(  559): [system_server,0,binder:559_3,4042,BinderProxy.java,448,android.os.BinderProxy android.os.BinderProxy.getInstance(long, long),,0,null,100]
I/dvm_lock_sample(  559): [system_server,0,binder:559_1B,4042,BinderProxy.java,448,android.os.BinderProxy android.os.BinderProxy.getInstance(long, long),,0,null,100]
I/dvm_lock_sample(  559): [system_server,0,binder:559_6,4158,BinderProxy.java,448,android.os.BinderProxy android.os.BinderProxy.getInstance(long, long),,0,null,100]
I/dvm_lock_sample(  559): [system_server,0,binder:559_10,3772,BinderProxy.java,448,android.os.BinderProxy android.os.BinderProxy.getInstance(long, long),,0,null,100]
I/dvm_lock_sample(  559): [system_server,0,binder:559_12,4167,BinderProxy.java,448,android.os.BinderProxy android.os.BinderProxy.getInstance(long, long),,0,null,100]
I/dvm_lock_sample(  559): [system_server,0,binder:559_15,4166,BinderProxy.java,448,android.os.BinderProxy android.os.BinderProxy.getInstance(long, long),,0,null,100]
I/dvm_lock_sample( 1551): [com.google.android.apps.messagin,0,RCS Engine Handler,359,MessageQueue.java,337,android.os.Message android.os.MessageQueue.next(),-,600,boolean android.os.MessageQueue.enqueueMessage(android.os.Message, long),71]
I/dvm_lock_sample(  559): [system_server,1,android.anim,1244,InputMonitor.java,121,void com.android.server.wm.InputMonitor$UpdateInputWindows.run(),WindowManagerService.java,8599,void com.android.server.wm.WindowManagerService.onAnimationFinished(),100]
I/dvm_lock_sample(  559): [system_server,0,binder:559_A,1251,WindowManagerService.java,2685,void com.android.server.wm.WindowManagerService.finishDrawingWindow(com.android.server.wm.Session, android.view.IWindow, android.view.SurfaceControl$Transaction, int),-,8599,void com.android.server.wm.WindowManagerService.onAnimationFinished(),100]
I/dvm_lock_sample(  559): [system_server,0,binder:559_1,598,BinderCallsStats.java,304,void com.android.internal.os.BinderCallsStats.processCallEnded(com.android.internal.os.BinderInternal$CallSession, int, int, int),-,358,void com.android.internal.os.BinderCallsStats.processCallEnded(com.android.internal.os.BinderInternal$CallSession, int, int, int),100]
I/dvm_lock_sample(  559): [system_server,1,binder:559_9,1591,ActivityTaskManagerService.java,5964,void com.android.server.wm.ActivityTaskManagerService$LocalService.onProcessRemoved(java.lang.String, int),WindowManagerService.java,8599,void com.android.server.wm.WindowManagerService.onAnimationFinished(),100]
I/wm_wallpaper_surface(  559): [0,0,Window{f4b7b78 u0 com.google.android.apps.nexuslauncher/com.google.android.apps.nexuslauncher.NexusLauncherActivity}]
I/dvm_lock_sample(  559): [system_server,1,binder:559_1B,1070,BinderCallsStats.java,304,void com.android.internal.os.BinderCallsStats.processCallEnded(com.android.internal.os.BinderInternal$CallSession, int, int, int),-,358,void com.android.internal.os.BinderCallsStats.processCallEnded(com.android.internal.os.BinderInternal$CallSession, int, int, int),100]
I/dvm_lock_sample(  559): [system_server,0,binder:559_1F,1019,BinderCallsStats.java,304,void com.android.internal.os.BinderCallsStats.processCallEnded(com.android.internal.os.BinderInternal$CallSession, int, int, int),-,358,void com.android.internal.os.BinderCallsStats.processCallEnded(com.android.internal.os.BinderInternal$CallSession, int, int, int),100]
I/dvm_lock_sample(  559): [system_server,1,binder:559_13,818,BinderCallsStats.java,304,void com.android.internal.os.BinderCallsStats.processCallEnded(com.android.internal.os.BinderInternal$CallSession, int, int, int),-,358,void com.android.internal.os.BinderCallsStats.processCallEnded(com.android.internal.os.BinderInternal$CallSession, int, int, int),100]
I/dvm_lock_sample(  559): [system_server,1,binder:559_19,14667,ActivityManagerService.java,15321,int com.android.server.am.ActivityManagerService.broadcastIntentWithFeature(android.app.IApplicationThread, java.lang.String, android.content.Intent, java.lang.String, android.content.IIntentReceiver, int, java.lang.String, android.os.Bundle, java.lang.String[], java.lang.String[], java.lang.String[], int, android.os.Bundle, boolean, boolean, int),,0,null,100]
I/dvm_lock_sample(  559): [system_server,1,android.display,11019,ActivityManagerService.java,18360,void com.android.server.am.ActivityManagerService$LocalService.startProcess(java.lang.String, android.content.pm.ApplicationInfo, boolean, boolean, java.lang.String, android.content.ComponentName),,0,null,100]
I/dvm_lock_sample(  559): [system_server,0,android.bg,14493,ContentProviderHelper.java,1495,void com.android.server.am.ContentProviderHelper.handleProviderRemoval(com.android.server.am.ContentProviderConnection, boolean, boolean),,0,null,100]
I/dvm_lock_sample(  559): [system_server,0,android.fg,16343,ActivityManagerService.java,15321,int com.android.server.am.ActivityManagerService.broadcastIntentWithFeature(android.app.IApplicationThread, java.lang.String, android.content.Intent, java.lang.String, android.content.IIntentReceiver, int, java.lang.String, android.os.Bundle, java.lang.String[], java.lang.String[], java.lang.String[], int, android.os.Bundle, boolean, boolean, int),,0,null,100]
I/dvm_lock_sample(  559): [system_server,1,ActivityManager,6580,BroadcastQueueModernImpl.java,293,boolean com.android.server.am.BroadcastQueueModernImpl.lambda$new$0(android.os.Message),,0,null,100]
I/sysui_multi_action(  559): [757,803,799,window_time_0,802,481]
I/dvm_lock_sample(  559): [system_server,1,android.display,201,ActivityTaskSupervisor.java,2681,void com.android.server.wm.ActivityTaskSupervisor$ActivityTaskSupervisorHandler.handleMessage(android.os.Message),SnapshotCache.java,53,android.window.TaskSnapshot com.android.server.wm.SnapshotCache.getSnapshot(java.lang.Integer),40]
I/wm_stop_activity(  559): [0,247126299,com.google.android.apps.nexuslauncher/.NexusLauncherActivity]
I/dvm_lock_sample(  559): [system_server,1,android.anim,619,WindowAnimator.java,97,void com.android.server.wm.WindowAnimator.lambda$new$1(long),SnapshotCache.java,53,android.window.TaskSnapshot com.android.server.wm.SnapshotCache.getSnapshot(java.lang.Integer),100]
I/dvm_lock_sample(  559): [system_server,1,binder:559_16,1022,ActivityTaskManagerService.java,2500,android.app.ActivityTaskManager$RootTaskInfo com.android.server.wm.ActivityTaskManagerService.getRootTaskInfo(int, int),,0,null,100]
I/dvm_lock_sample(  559): [system_server,1,binder:559_19,1317,ActivityTaskManagerService.java,1960,android.app.ActivityTaskManager$RootTaskInfo com.android.server.wm.ActivityTaskManagerService.getFocusedRootTaskInfo(),,0,null,100]
I/service_manager_slow(  559): [205,user]
I/commit_sys_config_file(  559): [package-user-0,8087]
I/dvm_lock_sample(  559): [system_server,1,binder:559_18,6119,ActivityManagerService.java,13425,boolean com.android.server.am.ActivityManagerService.unbindService(android.app.IServiceConnection),,0,null,100]
I/dvm_lock_sample(  559): [system_server,1,binder:559_15,6081,ActivityManagerService.java,4809,void com.android.server.am.ActivityManagerService.attachApplication(android.app.IApplicationThread, long),,0,null,100]
I/am_proc_start(  559): [0,4625,10192,com.admin9.app.foundation,next-top-activity,{com.admin9.app.foundation/com.admin9.app.foundation.MainActivity}]
I/am_proc_bound(  559): [0,4625,com.admin9.app.foundation]
I/dvm_lock_sample( 1410): [com.google.android.inputmethod.l,0,GoogleApiHandler,5873,PG,1,boolean ftg.d(ftf, android.content.ServiceConnection),-,20,boolean fti.handleMessage(android.os.Message),100]
I/wm_restart_activity(  559): [0,192531700,7,com.admin9.app.foundation/.MainActivity]
I/wm_set_resumed_activity(  559): [0,com.admin9.app.foundation/.MainActivity,minimalResumeActivityLocked - onActivityStateChanged]
I/dvm_lock_sample(  559): [system_server,1,binder:559_1D,7469,ActivityManagerService.java,13453,void com.android.server.am.ActivityManagerService.unbindFinished(android.os.IBinder, android.content.Intent, boolean),,0,null,100]
I/dvm_lock_sample(  559): [system_server,0,appscheduling.default,13634,ActivityManagerService.java,13425,boolean com.android.server.am.ActivityManagerService.unbindService(android.app.IServiceConnection),,0,null,100]
I/dvm_lock_sample(  559): [system_server,0,ConnectivityThread,8572,ConnectivityController.java,1409,void com.android.server.job.controllers.ConnectivityController$2.onCapabilitiesChanged(android.net.Network, android.net.NetworkCapabilities),JobServiceContext.java,1118,void com.android.server.job.JobServiceContext$JobServiceHandler.handleMessage(android.os.Message),100]
I/dvm_lock_sample(  559): [system_server,0,main,15515,ActivityManagerService.java,15321,int com.android.server.am.ActivityManagerService.broadcastIntentWithFeature(android.app.IApplicationThread, java.lang.String, android.content.Intent, java.lang.String, android.content.IIntentReceiver, int, java.lang.String, android.os.Bundle, java.lang.String[], java.lang.String[], java.lang.String[], int, android.os.Bundle, boolean, boolean, int),,0,null,100]
I/dvm_lock_sample(  559): [system_server,1,android.ui,8239,BroadcastQueueModernImpl.java,1604,void com.android.server.am.BroadcastQueueModernImpl$1.onUidStateChanged(int, int, long, int),,0,null,100]
I/dvm_lock_sample(  559): [system_server,0,bgres-controller,11600,ActivityManagerService.java,18534,boolean com.android.server.am.ActivityManagerService$LocalService.isProfileOwner(int),,0,null,100]
I/dvm_lock_sample(  559): [system_server,1,ActivityManager:procStart,10088,ProcessList.java,2074,void com.android.server.am.ProcessList.lambda$handleProcessStart$1(com.android.server.am.ProcessRecord, java.lang.String, int[], int, int, int, java.lang.String, java.lang.String, java.lang.String, long),,0,null,100]
I/dvm_lock_sample(  559): [system_server,1,binder:559_1A,8268,ActivityManagerService.java,13425,boolean com.android.server.am.ActivityManagerService.unbindService(android.app.IServiceConnection),,0,null,100]
I/dvm_lock_sample(  559): [system_server,1,binder:559_E,8268,ActivityManagerService.java,13425,boolean com.android.server.am.ActivityManagerService.unbindService(android.app.IServiceConnection),,0,null,100]
I/dvm_lock_sample(  559): [system_server,1,binder:559_1E,8244,ActivityManagerService.java,4809,void com.android.server.am.ActivityManagerService.attachApplication(android.app.IApplicationThread, long),,0,null,100]
I/am_proc_bound(  559): [0,4604,com.google.android.dialer]
I/dvm_lock_sample( 1551): [com.google.android.apps.messagin,0,GoogleApiHandler,8170,PG,1,boolean bnsb.b(bnrx, android.content.ServiceConnection, java.lang.String),-,15,boolean bnsa.handleMessage(android.os.Message),100]
I/dvm_lock_sample(  915): [com.google.android.bluetooth,1,main,131,MessageQueue.java,337,android.os.Message android.os.MessageQueue.next(),-,600,boolean android.os.MessageQueue.enqueueMessage(android.os.Message, long),26]
I/dvm_lock_sample(  559): [system_server,1,binder:559_11,642,UserManagerService.java,2358,android.content.pm.UserInfo com.android.server.pm.UserManagerService.getUserInfoNoChecks(int),-,1124,int[] com.android.server.pm.UserManagerService.getProfileIds(int, java.lang.String, boolean),100]
I/dvm_lock_sample(  559): [system_server,1,binder:559_16,651,UserManagerService.java,2358,android.content.pm.UserInfo com.android.server.pm.UserManagerService.getUserInfoNoChecks(int),-,1124,int[] com.android.server.pm.UserManagerService.getProfileIds(int, java.lang.String, boolean),100]
I/dvm_lock_sample(  559): [system_server,1,binder:559_1C,354,UserManagerService.java,2358,android.content.pm.UserInfo com.android.server.pm.UserManagerService.getUserInfoNoChecks(int),-,1124,int[] com.android.server.pm.UserManagerService.getProfileIds(int, java.lang.String, boolean),70]
I/dvm_lock_sample(  559): [system_server,1,binder:559_12,622,UserManagerService.java,2358,android.content.pm.UserInfo com.android.server.pm.UserManagerService.getUserInfoNoChecks(int),-,1124,int[] com.android.server.pm.UserManagerService.getProfileIds(int, java.lang.String, boolean),100]
I/dvm_lock_sample(  559): [system_server,1,binder:559_1F,748,UserManagerService.java,2358,android.content.pm.UserInfo com.android.server.pm.UserManagerService.getUserInfoNoChecks(int),-,1124,int[] com.android.server.pm.UserManagerService.getProfileIds(int, java.lang.String, boolean),100]
I/dvm_lock_sample(  559): [system_server,1,PowerManagerService,2780,PowerManagerService.java,3340,void com.android.server.power.PowerManagerService.handleSandman(int),-,1768,void com.android.server.power.PowerManagerService.releaseWakeLockInternal(android.os.IBinder, int),100]
I/dvm_lock_sample(  559): [system_server,1,binder:559_1E,2727,PowerManagerService.java,4107,void com.android.server.power.PowerManagerService.updateUidProcStateInternal(int, int),-,1768,void com.android.server.power.PowerManagerService.releaseWakeLockInternal(android.os.IBinder, int),100]
I/wm_on_stop_called( 1070): [247126299,com.google.android.apps.nexuslauncher.NexusLauncherActivity,STOP_ACTIVITY_ITEM,6368]
I/dvm_lock_sample(  559): [system_server,0,appscheduling.default,1319,AlarmManagerService.java,5522,void com.android.server.alarm.AlarmManagerService$9.handleUidCachedChanged(int, boolean),-,5719,void com.android.server.alarm.AlarmManagerService$DeliveryTracker.alarmTimedOut(android.os.IBinder),100]
I/dvm_lock_sample(  559): [system_server,1,binder:559_F,11582,ActivityManagerService.java,13425,boolean com.android.server.am.ActivityManagerService.unbindService(android.app.IServiceConnection),,0,null,100]
I/dvm_lock_sample(  559): [system_server,1,binder:559_D,16692,ActivityManagerService.java,13425,boolean com.android.server.am.ActivityManagerService.unbindService(android.app.IServiceConnection),,0,null,100]
I/dvm_lock_sample(  559): [system_server,1,android.display,9898,ProcessRecord.java,1558,void com.android.server.am.ProcessRecord.setRunningRemoteAnimation(boolean),,0,null,100]
I/am_uid_active(  559): 10192
I/dvm_lock_sample(  559): [system_server,0,android.fg,8595,ActivityManagerService.java,15321,int com.android.server.am.ActivityManagerService.broadcastIntentWithFeature(android.app.IApplicationThread, java.lang.String, android.content.Intent, java.lang.String, android.content.IIntentReceiver, int, java.lang.String, android.os.Bundle, java.lang.String[], java.lang.String[], java.lang.String[], int, android.os.Bundle, boolean, boolean, int),,0,null,100]
I/dvm_lock_sample(  559): [system_server,0,watchdog.monitor,8835,ActivityManagerService.java,17019,void com.android.server.am.ActivityManagerService.monitor(),,0,null,100]
I/dvm_lock_sample(  559): [system_server,1,ActivityManager,8009,ActivityManagerService.java,1853,void com.android.server.am.ActivityManagerService$MainHandler.handleMessage(android.os.Message),,0,null,100]
I/am_process_start_timeout(  559): [0,4604,10123,com.google.android.dialer]
I/am_uid_stopped(  559): 10123
I/service_manager_slow( 4645): [121,activity]
I/am_kill (  559): [0,4604,com.google.android.dialer,0,start timeout]
I/dvm_lock_sample(  559): [system_server,0,binder:559_15,7489,ActivityManagerService.java,13459,void com.android.server.am.ActivityManagerService.serviceDoneExecuting(android.os.IBinder, int, int, int),,0,null,100]
I/dvm_lock_sample(  559): [system_server,0,android.bg,12272,ContentProviderHelper.java,1495,void com.android.server.am.ContentProviderHelper.handleProviderRemoval(com.android.server.am.ContentProviderConnection, boolean, boolean),ActivityManagerService.java,1855,void com.android.server.am.ActivityManagerService$MainHandler.handleMessage(android.os.Message),100]
I/dvm_lock_sample(  559): [system_server,0,ConnectivityServiceThread,7176,ActivityManagerService.java,15321,int com.android.server.am.ActivityManagerService.broadcastIntentWithFeature(android.app.IApplicationThread, java.lang.String, android.content.Intent, java.lang.String, android.content.IIntentReceiver, int, java.lang.String, android.os.Bundle, java.lang.String[], java.lang.String[], java.lang.String[], int, android.os.Bundle, boolean, boolean, int),,0,null,100]
I/dvm_lock_sample(  559): [system_server,0,binder:559_1,7129,ActivityManagerService.java,1582,void com.android.server.am.ActivityManagerService$AppDeathRecipient.binderDied(),,0,null,100]
I/am_proc_died(  559): [0,1626,com.google.android.googlequicksearchbox:search,0,3]
I/dvm_lock_sample(  559): [system_server,0,batterystats-handler,48,MessageQueue.java,337,android.os.Message android.os.MessageQueue.next(),-,600,boolean android.os.MessageQueue.enqueueMessage(android.os.Message, long),9]
I/am_schedule_service_restart(  559): [0,com.google.android.googlequicksearchbox/com.google.android.apps.gsa.shared.util.keepalive.StandaloneKeepAlive$KeepAliveService,246693]
I/am_schedule_service_restart(  559): [0,com.google.android.googlequicksearchbox/com.google.android.apps.gsa.nowoverlayservice.DrawerOverlayService,256640]
I/am_schedule_service_restart(  559): [0,com.google.android.googlequicksearchbox/com.google.android.apps.search.googleapp.search.suggest.plugins.onesearch.server.OneSearchSuggestService,266640]
I/dvm_lock_sample(  559): [system_server,1,binder:559_1A,7648,ActivityManagerService.java,13425,boolean com.android.server.am.ActivityManagerService.unbindService(android.app.IServiceConnection),,0,null,100]
I/dvm_lock_sample(  559): [system_server,1,binder:559_E,7648,ActivityManagerService.java,13403,int com.android.server.am.ActivityManagerService.bindServiceInstance(android.app.IApplicationThread, android.os.IBinder, android.content.Intent, java.lang.String, android.app.IServiceConnection, long, java.lang.String, boolean, int, java.lang.String, android.app.IApplicationThread, java.lang.String, int),,0,null,100]
I/dvm_lock_sample(  559): [system_server,0,bgres-controller,7665,ActivityManagerService.java,18534,boolean com.android.server.am.ActivityManagerService$LocalService.isProfileOwner(int),,0,null,100]
I/dvm_lock_sample(  559): [system_server,1,ActivityManager:procStart,6673,ProcessList.java,2074,void com.android.server.am.ProcessList.lambda$handleProcessStart$1(com.android.server.am.ProcessRecord, java.lang.String, int[], int, int, int, java.lang.String, java.lang.String, java.lang.String, long),,0,null,100]
I/am_proc_start(  559): [0,4645,10127,com.google.android.gms.persistent,service,{com.google.android.gms/com.google.android.gms.chimera.PersistentDirectBootAwareApiService}]
I/dvm_lock_sample(  559): [system_server,1,binder:559_1D,5620,ActivityManagerService.java,13425,boolean com.android.server.am.ActivityManagerService.unbindService(android.app.IServiceConnection),,0,null,100]
I/dvm_lock_sample(  559): [system_server,0,android.perm,3189,ActivityManagerService.java,13403,int com.android.server.am.ActivityManagerService.bindServiceInstance(android.app.IApplicationThread, android.os.IBinder, android.content.Intent, java.lang.String, android.app.IServiceConnection, long, java.lang.String, boolean, int, java.lang.String, android.app.IApplicationThread, java.lang.String, int),,0,null,100]
I/dvm_lock_sample(  559): [system_server,1,binder:559_9,12629,ActivityManagerService.java,15321,int com.android.server.am.ActivityManagerService.broadcastIntentWithFeature(android.app.IApplicationThread, java.lang.String, android.content.Intent, java.lang.String, android.content.IIntentReceiver, int, java.lang.String, android.os.Bundle, java.lang.String[], java.lang.String[], java.lang.String[], int, android.os.Bundle, boolean, boolean, int),,0,null,100]
I/dvm_lock_sample( 1432): [com.google.android.apps.wellbein,0,GoogleApiHandler,16028,PG,1,boolean hiv.d(hiu, android.content.ServiceConnection),-,14,boolean hix.handleMessage(android.os.Message),100]
I/dvm_lock_sample(  559): [system_server,1,binder:559_1A,187,PermissionManagerServiceImpl.java,972,int com.android.server.pm.permission.PermissionManagerServiceImpl.checkPermissionInternal(com.android.server.pm.pkg.AndroidPackage, boolean, java.lang.String, int),-,879,void com.android.server.pm.permission.PermissionManagerServiceImpl.updatePermissionFlagsInternal(java.lang.String, java.lang.String, int, int, int, int, boolean, com.android.server.pm.permission.PermissionManagerServiceImpl$PermissionCallback),37]
I/dvm_lock_sample(  559): [system_server,1,binder:559_9,188,PermissionManagerServiceImpl.java,972,int com.android.server.pm.permission.PermissionManagerServiceImpl.checkPermissionInternal(com.android.server.pm.pkg.AndroidPackage, boolean, java.lang.String, int),-,879,void com.android.server.pm.permission.PermissionManagerServiceImpl.updatePermissionFlagsInternal(java.lang.String, java.lang.String, int, int, int, int, boolean, com.android.server.pm.permission.PermissionManagerServiceImpl$PermissionCallback),37]
I/dvm_lock_sample(  559): [system_server,1,binder:559_19,3333,ContentProviderHelper.java,702,void com.android.server.am.ContentProviderHelper.publishContentProviders(android.app.IApplicationThread, java.util.List),,0,null,100]
I/dvm_lock_sample(  559): [system_server,1,android.ui,3334,BroadcastQueueModernImpl.java,1604,void com.android.server.am.BroadcastQueueModernImpl$1.onUidStateChanged(int, int, long, int),,0,null,100]
I/dvm_lock_sample(  559): [system_server,0,binder:559_14,11539,ActivityManagerService.java,15321,int com.android.server.am.ActivityManagerService.broadcastIntentWithFeature(android.app.IApplicationThread, java.lang.String, android.content.Intent, java.lang.String, android.content.IIntentReceiver, int, java.lang.String, android.os.Bundle, java.lang.String[], java.lang.String[], java.lang.String[], int, android.os.Bundle, boolean, boolean, int),,0,null,100]
I/dvm_lock_sample(  559): [system_server,0,android.fg,2255,ActivityManagerService.java,15321,int com.android.server.am.ActivityManagerService.broadcastIntentWithFeature(android.app.IApplicationThread, java.lang.String, android.content.Intent, java.lang.String, android.content.IIntentReceiver, int, java.lang.String, android.os.Bundle, java.lang.String[], java.lang.String[], java.lang.String[], int, android.os.Bundle, boolean, boolean, int),,0,null,100]
I/dvm_lock_sample(  559): [system_server,1,binder:559_D,1774,ActivityManagerService.java,4809,void com.android.server.am.ActivityManagerService.attachApplication(android.app.IApplicationThread, long),,0,null,100]
I/am_proc_bound(  559): [0,4645,com.google.android.gms.persistent]
I/dvm_lock_sample(  559): [system_server,1,binder:559_1E,80,BinderCallsStats.java,304,void com.android.internal.os.BinderCallsStats.processCallEnded(com.android.internal.os.BinderInternal$CallSession, int, int, int),-,358,void com.android.internal.os.BinderCallsStats.processCallEnded(com.android.internal.os.BinderInternal$CallSession, int, int, int),16]
I/dvm_lock_sample(  559): [system_server,1,binder:559_9,64,BinderCallsStats.java,304,void com.android.internal.os.BinderCallsStats.processCallEnded(com.android.internal.os.BinderInternal$CallSession, int, int, int),-,358,void com.android.internal.os.BinderCallsStats.processCallEnded(com.android.internal.os.BinderInternal$CallSession, int, int, int),12]
I/service_manager_slow( 4625): [66,virtualdevice]
I/dvm_lock_sample(  559): [system_server,1,binder:559_1B,9697,ActivityManagerService.java,13425,boolean com.android.server.am.ActivityManagerService.unbindService(android.app.IServiceConnection),,0,null,100]
I/dvm_lock_sample(  559): [system_server,1,binder:559_18,9826,ActivityManagerService.java,13403,int com.android.server.am.ActivityManagerService.bindServiceInstance(android.app.IApplicationThread, android.os.IBinder, android.content.Intent, java.lang.String, android.app.IServiceConnection, long, java.lang.String, boolean, int, java.lang.String, android.app.IApplicationThread, java.lang.String, int),,0,null,100]
I/dvm_lock_sample(  559): [system_server,0,ConnectivityServiceThread,2382,ActivityManagerService.java,15321,int com.android.server.am.ActivityManagerService.broadcastIntentWithFeature(android.app.IApplicationThread, java.lang.String, android.content.Intent, java.lang.String, android.content.IIntentReceiver, int, java.lang.String, android.os.Bundle, java.lang.String[], java.lang.String[], java.lang.String[], int, android.os.Bundle, boolean, boolean, int),,0,null,100]
I/dvm_lock_sample(  559): [system_server,1,ActivityManager,2254,BroadcastQueueModernImpl.java,548,void com.android.server.am.BroadcastQueueModernImpl.checkPendingColdStartValidity(),,0,null,100]
I/dvm_lock_sample(  559): [system_server,0,binder:559_15,2215,ActivityManagerService.java,13459,void com.android.server.am.ActivityManagerService.serviceDoneExecuting(android.os.IBinder, int, int, int),,0,null,100]
I/dvm_lock_sample(  559): [system_server,1,binder:559_1F,827,ActivityManagerService.java,13787,android.content.Intent com.android.server.am.ActivityManagerService.registerReceiverWithFeature(android.app.IApplicationThread, java.lang.String, java.lang.String, java.lang.String, android.content.IIntentReceiver, android.content.IntentFilter, java.lang.String, int, int),,0,null,100]
I/dvm_lock_sample(  559): [system_server,1,binder:559_6,4155,ActivityManagerService.java,13425,boolean com.android.server.am.ActivityManagerService.unbindService(android.app.IServiceConnection),,0,null,100]
I/dvm_lock_sample(  559): [system_server,0,android.bg,2665,ContentProviderHelper.java,1495,void com.android.server.am.ContentProviderHelper.handleProviderRemoval(com.android.server.am.ContentProviderConnection, boolean, boolean),,0,null,100]
I/dvm_lock_sample( 2051): [com.google.android.apps.messagin,0,GoogleApiHandler,12552,PG,1,boolean bnsb.b(bnrx, android.content.ServiceConnection, java.lang.String),-,15,boolean bnsa.handleMessage(android.os.Message),100]
I/dvm_lock_sample(  559): [system_server,1,binder:559_16,998,ActivityManagerService.java,15321,int com.android.server.am.ActivityManagerService.broadcastIntentWithFeature(android.app.IApplicationThread, java.lang.String, android.content.Intent, java.lang.String, android.content.IIntentReceiver, int, java.lang.String, android.os.Bundle, java.lang.String[], java.lang.String[], java.lang.String[], int, android.os.Bundle, boolean, boolean, int),,0,null,100]
I/dvm_lock_sample(  559): [system_server,1,binder:559_1F,590,ActivityManagerService.java,13986,android.content.Intent com.android.server.am.ActivityManagerService.registerReceiverWithFeature(android.app.IApplicationThread, java.lang.String, java.lang.String, java.lang.String, android.content.IIntentReceiver, android.content.IntentFilter, java.lang.String, int, int),,0,null,100]
I/dvm_lock_sample(  559): [system_server,1,ActivityManager,841,BroadcastQueueModernImpl.java,293,boolean com.android.server.am.BroadcastQueueModernImpl.lambda$new$0(android.os.Message),,0,null,100]
I/dvm_lock_sample(  559): [system_server,1,android.display,1210,ActivityManagerService.java,16728,void com.android.server.am.ActivityManagerService.trimApplications(boolean, int),,0,null,100]
I/am_compact(  559): [3489,com.google.android.gm,ANON,172232,128212,43064,14136,-13428,0,-13428,13428,19418,SOME,0,995,19,96680,-3100]
I/dvm_lock_sample(  559): [system_server,1,android.display,847,OomAdjuster.java,568,void com.android.server.am.OomAdjuster.updateOomAdjLocked(int),ActivityManagerService.java,1846,void com.android.server.am.ActivityManagerService$MainHandler.handleMessage(android.os.Message),100]
I/dvm_lock_sample(  559): [system_server,1,binder:559_1D,3493,ActivityManagerService.java,13403,int com.android.server.am.ActivityManagerService.bindServiceInstance(android.app.IApplicationThread, android.os.IBinder, android.content.Intent, java.lang.String, android.app.IServiceConnection, long, java.lang.String, boolean, int, java.lang.String, android.app.IApplicationThread, java.lang.String, int),,0,null,100]
I/dvm_lock_sample(  559): [system_server,1,binder:559_A,798,ActivityManagerService.java,9479,java.util.List com.android.server.am.ActivityManagerService.getRunningAppProcesses(),-,1846,void com.android.server.am.ActivityManagerService$MainHandler.handleMessage(android.os.Message),100]
I/dvm_lock_sample(  559): [system_server,0,CachedAppOptimizerThread,699,CachedAppOptimizer.java,2060,void com.android.server.am.CachedAppOptimizer$MemCompactionHandler.handleMessage(android.os.Message),ActivityManagerService.java,1846,void com.android.server.am.ActivityManagerService$MainHandler.handleMessage(android.os.Message),100]
I/dvm_lock_sample(  559): [system_server,0,com.android.permission.util.ForegroundThread,5775,ActivityManagerService.java,13403,int com.android.server.am.ActivityManagerService.bindServiceInstance(android.app.IApplicationThread, android.os.IBinder, android.content.Intent, java.lang.String, android.app.IServiceConnection, long, java.lang.String, boolean, int, java.lang.String, android.app.IApplicationThread, java.lang.String, int),,0,null,100]
I/dvm_lock_sample(  559): [system_server,1,binder:559_6,1929,ActivityManagerService.java,13403,int com.android.server.am.ActivityManagerService.bindServiceInstance(android.app.IApplicationThread, android.os.IBinder, android.content.Intent, java.lang.String, android.app.IServiceConnection, long, java.lang.String, boolean, int, java.lang.String, android.app.IApplicationThread, java.lang.String, int),,0,null,100]
I/dvm_lock_sample(  559): [system_server,0,android.bg,2023,ContentProviderHelper.java,1495,void com.android.server.am.ContentProviderHelper.handleProviderRemoval(com.android.server.am.ContentProviderConnection, boolean, boolean),,0,null,100]
I/dvm_lock_sample(  559): [system_server,1,binder:559_1B,804,ActivityManagerService.java,15321,int com.android.server.am.ActivityManagerService.broadcastIntentWithFeature(android.app.IApplicationThread, java.lang.String, android.content.Intent, java.lang.String, android.content.IIntentReceiver, int, java.lang.String, android.os.Bundle, java.lang.String[], java.lang.String[], java.lang.String[], int, android.os.Bundle, boolean, boolean, int),,0,null,100]
I/dvm_lock_sample(  559): [system_server,1,ActivityManager,642,ActiveServices.java,4084,void com.android.server.am.ActiveServices$ServiceRestarter.run(),,0,null,100]
I/dvm_lock_sample(  559): [system_server,0,binder:559_C,6064,ActivityManagerService.java,16728,void com.android.server.am.ActivityManagerService.trimApplications(boolean, int),ActiveServices.java,4086,void com.android.server.am.ActiveServices$ServiceRestarter.run(),100]
I/dvm_lock_sample(  559): [system_server,0,binder:559_F,4565,ActivityManagerService.java,1582,void com.android.server.am.ActivityManagerService$AppDeathRecipient.binderDied(),,0,null,100]
I/service_manager_slow(  559): [29,suspend_control_internal]
I/dvm_lock_sample(  559): [system_server,0,android.bg,737,ContentProviderHelper.java,1495,void com.android.server.am.ContentProviderHelper.handleProviderRemoval(com.android.server.am.ContentProviderConnection, boolean, boolean),,0,null,100]
I/dvm_lock_sample(  559): [system_server,1,binder:559_1E,901,ActivityManagerService.java,13403,int com.android.server.am.ActivityManagerService.bindServiceInstance(android.app.IApplicationThread, android.os.IBinder, android.content.Intent, java.lang.String, android.app.IServiceConnection, long, java.lang.String, boolean, int, java.lang.String, android.app.IApplicationThread, java.lang.String, int),-,16730,void com.android.server.am.ActivityManagerService.trimApplications(boolean, int),100]
I/dvm_lock_sample(  559): [system_server,0,batterystats-handler,1802,BatteryStatsService.java,3302,void com.android.server.am.BatteryStatsService.lambda$noteServiceStartLaunch$105(int, java.lang.String, java.lang.String, long, long),BatteryExternalStatsWorker.java,755,void com.android.server.power.stats.BatteryExternalStatsWorker.updateExternalStatsLocked(java.lang.String, int, boolean, boolean, int, int[], boolean),100]
I/sysui_multi_action(  559): [757,1721,758,4,908,com.google.android.as/com.google.android.apps.miphone.aiai.app.AiAiAugmentedAutofillService,1722,5]
I/dvm_lock_sample(  559): [system_server,1,binder:559_1A,1996,ActivityManagerService.java,13403,int com.android.server.am.ActivityManagerService.bindServiceInstance(android.app.IApplicationThread, android.os.IBinder, android.content.Intent, java.lang.String, android.app.IServiceConnection, long, java.lang.String, boolean, int, java.lang.String, android.app.IApplicationThread, java.lang.String, int),,0,null,100]
I/dvm_lock_sample(  559): [system_server,1,binder:559_A,2033,ActivityManagerService.java,14086,void com.android.server.am.ActivityManagerService.unregisterReceiver(android.content.IIntentReceiver),,0,null,100]
I/dvm_lock_sample(  559): [system_server,0,WifiHandlerThread,18093,ActivityManagerService.java,15321,int com.android.server.am.ActivityManagerService.broadcastIntentWithFeature(android.app.IApplicationThread, java.lang.String, android.content.Intent, java.lang.String, android.content.IIntentReceiver, int, java.lang.String, android.os.Bundle, java.lang.String[], java.lang.String[], java.lang.String[], int, android.os.Bundle, boolean, boolean, int),,0,null,100]
I/dvm_lock_sample(  559): [system_server,1,binder:559_6,1425,ActivityManagerService.java,15321,int com.android.server.am.ActivityManagerService.broadcastIntentWithFeature(android.app.IApplicationThread, java.lang.String, android.content.Intent, java.lang.String, android.content.IIntentReceiver, int, java.lang.String, android.os.Bundle, java.lang.String[], java.lang.String[], java.lang.String[], int, android.os.Bundle, boolean, boolean, int),,0,null,100]
I/dvm_lock_sample(  559): [system_server,1,ActivityManager,1404,ActiveServices.java,4084,void com.android.server.am.ActiveServices$ServiceRestarter.run(),ActivityManagerService.java,16730,void com.android.server.am.ActivityManagerService.trimApplications(boolean, int),100]
I/dvm_lock_sample(  559): [system_server,0,batterystats-handler,526,BatteryStatsService.java,3302,void com.android.server.am.BatteryStatsService.lambda$noteServiceStartLaunch$105(int, java.lang.String, java.lang.String, long, long),BatteryStatsImpl.java,14896,int com.android.server.power.stats.BatteryStatsImpl.getHighDischargeAmountSinceCharge(),100]
I/am_schedule_service_restart(  559): [0,com.google.android.gms/.chimera.GmsIntentOperationService,139549]
I/am_schedule_service_restart(  559): [0,com.google.android.googlequicksearchbox/com.google.android.apps.gsa.shared.util.keepalive.StandaloneKeepAlive$KeepAliveService,0]
I/auditd  ( 4625): type=1400 audit(0.0:19): avc:  denied  { read } for  comm=".app.foundation" name="max_map_count" dev="proc" ino=64214 scontext=u:r:untrusted_app:s0:c192,c256,c512,c768 tcontext=u:object_r:proc_max_map_count:s0 tclass=file permissive=0 app=com.admin9.app.foundation
I/dvm_lock_sample(  559): [system_server,1,binder:559_A,1079,ActivityManagerService.java,13439,void com.android.server.am.ActivityManagerService.publishService(android.os.IBinder, android.content.Intent, android.os.IBinder),,0,null,100]
I/dvm_lock_sample(  559): [system_server,0,bgres-controller,1389,ActivityManagerService.java,18534,boolean com.android.server.am.ActivityManagerService$LocalService.isProfileOwner(int),ContentProviderHelper.java,614,android.app.ContentProviderHolder com.android.server.am.ContentProviderHelper.getContentProviderImpl(android.app.IApplicationThread, java.lang.String, android.os.IBinder, int, java.lang.String, java.lang.String, boolean, int),100]
I/dvm_lock_sample(  559): [system_server,0,WifiHandlerThread,1196,ActivityManagerService.java,15321,int com.android.server.am.ActivityManagerService.broadcastIntentWithFeature(android.app.IApplicationThread, java.lang.String, android.content.Intent, java.lang.String, android.content.IIntentReceiver, int, java.lang.String, android.os.Bundle, java.lang.String[], java.lang.String[], java.lang.String[], int, android.os.Bundle, boolean, boolean, int),,0,null,100]
I/dvm_lock_sample(  559): [system_server,0,binder:559_1A,1062,ActivityManagerService.java,13459,void com.android.server.am.ActivityManagerService.serviceDoneExecuting(android.os.IBinder, int, int, int),,0,null,100]
I/dvm_lock_sample(  559): [system_server,1,ActivityManager,790,BroadcastQueueModernImpl.java,293,boolean com.android.server.am.BroadcastQueueModernImpl.lambda$new$0(android.os.Message),ContentProviderHelper.java,614,android.app.ContentProviderHolder com.android.server.am.ContentProviderHelper.getContentProviderImpl(android.app.IApplicationThread, java.lang.String, android.os.IBinder, int, java.lang.String, java.lang.String, boolean, int),100]
I/dvm_lock_sample(  559): [system_server,1,ActivityManager:procStart,404,ProcessList.java,2074,void com.android.server.am.ProcessList.lambda$handleProcessStart$1(com.android.server.am.ProcessRecord, java.lang.String, int[], int, int, int, java.lang.String, java.lang.String, java.lang.String, long),,0,null,80]
I/am_proc_start(  559): [0,4681,10132,com.google.android.googlequicksearchbox:search,service,{com.google.android.googlequicksearchbox/com.google.android.apps.gsa.publicsearch.PublicSearchService}]
I/dvm_lock_sample(  559): [system_server,1,binder:559_B,49,PermissionManagerServiceImpl.java,972,int com.android.server.pm.permission.PermissionManagerServiceImpl.checkPermissionInternal(com.android.server.pm.pkg.AndroidPackage, boolean, java.lang.String, int),-,2512,java.util.Set com.android.server.pm.permission.PermissionManagerServiceImpl.getGrantedPermissionsInternal(java.lang.String, int),9]
I/dvm_lock_sample(  559): [system_server,1,binder:559_1A,141,LocalServices.java,46,java.lang.Object com.android.server.LocalServices.getService(java.lang.Class),-,47,java.lang.Object com.android.server.LocalServices.getService(java.lang.Class),28]
I/dvm_lock_sample(  559): [system_server,1,binder:559_C,450,ActivityManagerService.java,15321,int com.android.server.am.ActivityManagerService.broadcastIntentWithFeature(android.app.IApplicationThread, java.lang.String, android.content.Intent, java.lang.String, android.content.IIntentReceiver, int, java.lang.String, android.os.Bundle, java.lang.String[], java.lang.String[], java.lang.String[], int, android.os.Bundle, boolean, boolean, int),,0,null,90]
I/dvm_lock_sample(  559): [system_server,0,WifiHandlerThread,297,ActivityManagerService.java,15321,int com.android.server.am.ActivityManagerService.broadcastIntentWithFeature(android.app.IApplicationThread, java.lang.String, android.content.Intent, java.lang.String, android.content.IIntentReceiver, int, java.lang.String, android.os.Bundle, java.lang.String[], java.lang.String[], java.lang.String[], int, android.os.Bundle, boolean, boolean, int),ContentProviderHelper.java,614,android.app.ContentProviderHolder com.android.server.am.ContentProviderHelper.getContentProviderImpl(android.app.IApplicationThread, java.lang.String, android.os.IBinder, int, java.lang.String, java.lang.String, boolean, int),59]
I/am_proc_bound(  559): [0,4681,com.google.android.googlequicksearchbox:search]
I/dvm_lock_sample(  559): [system_server,1,ActivityManager,803,BroadcastQueueModernImpl.java,293,boolean com.android.server.am.BroadcastQueueModernImpl.lambda$new$0(android.os.Message),ActivityManagerService.java,4940,void com.android.server.am.ActivityManagerService.finishAttachApplicationInner(long, int, int),100]
I/dvm_lock_sample(  559): [system_server,0,android.fg,2525,AppOpsService.java,3793,com.android.server.appop.AppOpsService$PackageVerificationResult com.android.server.appop.AppOpsService.verifyAndGetBypass(int, java.lang.String, java.lang.String, java.lang.String, boolean),-,3804,com.android.server.appop.AppOpsService$PackageVerificationResult com.android.server.appop.AppOpsService.verifyAndGetBypass(int, java.lang.String, java.lang.String, java.lang.String, boolean),100]
I/dvm_lock_sample(  559): [system_server,1,binder:559_F,2323,AppOpsService.java,3793,com.android.server.appop.AppOpsService$PackageVerificationResult com.android.server.appop.AppOpsService.verifyAndGetBypass(int, java.lang.String, java.lang.String, java.lang.String, boolean),-,3804,com.android.server.appop.AppOpsService$PackageVerificationResult com.android.server.appop.AppOpsService.verifyAndGetBypass(int, java.lang.String, java.lang.String, java.lang.String, boolean),100]
I/dvm_lock_sample(  559): [system_server,1,binder:559_C,1872,AppOpsService.java,3793,com.android.server.appop.AppOpsService$PackageVerificationResult com.android.server.appop.AppOpsService.verifyAndGetBypass(int, java.lang.String, java.lang.String, java.lang.String, boolean),-,3804,com.android.server.appop.AppOpsService$PackageVerificationResult com.android.server.appop.AppOpsService.verifyAndGetBypass(int, java.lang.String, java.lang.String, java.lang.String, boolean),100]
I/dvm_lock_sample(  559): [system_server,1,binder:559_1D,306,AppOpsService.java,3793,com.android.server.appop.AppOpsService$PackageVerificationResult com.android.server.appop.AppOpsService.verifyAndGetBypass(int, java.lang.String, java.lang.String, java.lang.String, boolean),-,3804,com.android.server.appop.AppOpsService$PackageVerificationResult com.android.server.appop.AppOpsService.verifyAndGetBypass(int, java.lang.String, java.lang.String, java.lang.String, boolean),61]
I/dvm_lock_sample(  559): [system_server,1,binder:559_1E,875,AppOpsService.java,3793,com.android.server.appop.AppOpsService$PackageVerificationResult com.android.server.appop.AppOpsService.verifyAndGetBypass(int, java.lang.String, java.lang.String, java.lang.String, boolean),-,3804,com.android.server.appop.AppOpsService$PackageVerificationResult com.android.server.appop.AppOpsService.verifyAndGetBypass(int, java.lang.String, java.lang.String, java.lang.String, boolean),100]
I/dvm_lock_sample(  559): [system_server,1,PowerManagerService,2659,PowerManagerService.java,3340,void com.android.server.power.PowerManagerService.handleSandman(int),-,1633,void com.android.server.power.PowerManagerService.acquireWakeLockInternal(android.os.IBinder, int, int, java.lang.String, java.lang.String, android.os.WorkSource, java.lang.String, int, int, android.os.IWakeLockCallback),100]
I/dvm_lock_sample(  559): [system_server,1,binder:559_1A,311,UserManagerService.java,2358,android.content.pm.UserInfo com.android.server.pm.UserManagerService.getUserInfoNoChecks(int),-,2360,android.content.pm.UserInfo com.android.server.pm.UserManagerService.getUserInfoNoChecks(int),62]
I/dvm_lock_sample(  559): [system_server,1,binder:559_1A,103,PermissionManagerServiceImpl.java,972,int com.android.server.pm.permission.PermissionManagerServiceImpl.checkPermissionInternal(com.android.server.pm.pkg.AndroidPackage, boolean, java.lang.String, int),-,5203,java.util.Set com.android.server.pm.permission.PermissionManagerServiceImpl.getInstalledPermissions(java.lang.String),20]
I/dvm_lock_sample(  559): [system_server,1,binder:559_6,233,PermissionManagerServiceImpl.java,972,int com.android.server.pm.permission.PermissionManagerServiceImpl.checkPermissionInternal(com.android.server.pm.pkg.AndroidPackage, boolean, java.lang.String, int),-,879,void com.android.server.pm.permission.PermissionManagerServiceImpl.updatePermissionFlagsInternal(java.lang.String, java.lang.String, int, int, int, int, boolean, com.android.server.pm.permission.PermissionManagerServiceImpl$PermissionCallback),46]
I/service_manager_slow(  850): [290,connmetrics]
I/dvm_lock_sample(  559): [system_server,1,binder:559_1B,581,PermissionManagerServiceImpl.java,972,int com.android.server.pm.permission.PermissionManagerServiceImpl.checkPermissionInternal(com.android.server.pm.pkg.AndroidPackage, boolean, java.lang.String, int),-,879,void com.android.server.pm.permission.PermissionManagerServiceImpl.updatePermissionFlagsInternal(java.lang.String, java.lang.String, int, int, int, int, boolean, com.android.server.pm.permission.PermissionManagerServiceImpl$PermissionCallback),100]
I/am_compact(  559): [3651,com.google.android.partnersetup,ANON,84584,49688,34128,14456,-3908,0,-3908,3900,10215,SOME,0,965,19,99780,-1176]
I/dvm_lock_sample(  559): [system_server,0,main,141,PropertyInvalidatedCache.java,1293,void android.app.PropertyInvalidatedCache$AutoCorker.handleMessage(android.os.Message),-,1289,void android.app.PropertyInvalidatedCache$AutoCorker.autoCork(),28]
I/dvm_lock_sample(  559): [system_server,1,binder:559_1A,41,BinderCallsStats.java,304,void com.android.internal.os.BinderCallsStats.processCallEnded(com.android.internal.os.BinderInternal$CallSession, int, int, int),-,358,void com.android.internal.os.BinderCallsStats.processCallEnded(com.android.internal.os.BinderInternal$CallSession, int, int, int),8]
I/dvm_lock_sample(  559): [system_server,1,binder:559_1E,80,BinderCallsStats.java,304,void com.android.internal.os.BinderCallsStats.processCallEnded(com.android.internal.os.BinderInternal$CallSession, int, int, int),-,358,void com.android.internal.os.BinderCallsStats.processCallEnded(com.android.internal.os.BinderInternal$CallSession, int, int, int),16]
I/dvm_lock_sample(  559): [system_server,1,binder:559_1B,309,PermissionManagerServiceImpl.java,972,int com.android.server.pm.permission.PermissionManagerServiceImpl.checkPermissionInternal(com.android.server.pm.pkg.AndroidPackage, boolean, java.lang.String, int),,0,null,61]
I/netstats_mobile_sample(  559): [151612,129810,482,574,163546,88284,510,451,1787495264332]
I/netstats_wifi_sample(  559): [257363,157157,538,646,280015,134745,569,585,1787495264332]
I/dvm_lock_sample(  559): [system_server,1,binder:559_1A,170,ActivityManagerService.java,13453,void com.android.server.am.ActivityManagerService.unbindFinished(android.os.IBinder, android.content.Intent, boolean),-,13426,boolean com.android.server.am.ActivityManagerService.unbindService(android.app.IServiceConnection),34]
I/service_manager_slow(  559): [16,time_detector]
I/service_manager_slow(  559): [173,time_detector]
I/dvm_lock_sample(  559): [system_server,1,binder:559_9,100,PermissionManagerServiceImpl.java,972,int com.android.server.pm.permission.PermissionManagerServiceImpl.checkPermissionInternal(com.android.server.pm.pkg.AndroidPackage, boolean, java.lang.String, int),-,879,void com.android.server.pm.permission.PermissionManagerServiceImpl.updatePermissionFlagsInternal(java.lang.String, java.lang.String, int, int, int, int, boolean, com.android.server.pm.permission.PermissionManagerServiceImpl$PermissionCallback),20]
I/dvm_lock_sample(  559): [system_server,1,binder:559_C,158,PermissionManagerServiceImpl.java,972,int com.android.server.pm.permission.PermissionManagerServiceImpl.checkPermissionInternal(com.android.server.pm.pkg.AndroidPackage, boolean, java.lang.String, int),-,879,void com.android.server.pm.permission.PermissionManagerServiceImpl.updatePermissionFlagsInternal(java.lang.String, java.lang.String, int, int, int, int, boolean, com.android.server.pm.permission.PermissionManagerServiceImpl$PermissionCallback),31]
I/cc_current_allowlist(  559): [0,18]
I/cc_set_allowlist(  559): [0,18,0]
I/cc_current_allowlist(  559): [0,18]
I/cc_update_options(  559): [0,0]
I/dvm_lock_sample(  559): [system_server,1,binder:559_A,124,PermissionManagerServiceImpl.java,972,int com.android.server.pm.permission.PermissionManagerServiceImpl.checkPermissionInternal(com.android.server.pm.pkg.AndroidPackage, boolean, java.lang.String, int),-,879,void com.android.server.pm.permission.PermissionManagerServiceImpl.updatePermissionFlagsInternal(java.lang.String, java.lang.String, int, int, int, int, boolean, com.android.server.pm.permission.PermissionManagerServiceImpl$PermissionCallback),24]
I/am_wtf  (  559): [0,559,system_server,-1,ConnectivityService,Machine is not on the network]
I/dvm_lock_sample(  559): [system_server,1,binder:559_1E,290,UserManagerService.java,2358,android.content.pm.UserInfo com.android.server.pm.UserManagerService.getUserInfoNoChecks(int),-,1078,java.util.List com.android.server.pm.UserManagerService.getUsersInternal(boolean, boolean, boolean),58]
I/dvm_lock_sample(  559): [system_server,1,binder:559_C,200,UserManagerService.java,2358,android.content.pm.UserInfo com.android.server.pm.UserManagerService.getUserInfoNoChecks(int),-,1078,java.util.List com.android.server.pm.UserManagerService.getUsersInternal(boolean, boolean, boolean),40]
I/dvm_lock_sample(  559): [system_server,1,binder:559_9,192,UserManagerService.java,2358,android.content.pm.UserInfo com.android.server.pm.UserManagerService.getUserInfoNoChecks(int),-,1078,java.util.List com.android.server.pm.UserManagerService.getUsersInternal(boolean, boolean, boolean),38]
I/dvm_lock_sample(  559): [system_server,1,binder:559_C,60,PropertyInvalidatedCache.java,937,java.lang.Object android.app.PropertyInvalidatedCache.query(java.lang.Object),-,1007,java.lang.Object android.app.PropertyInvalidatedCache.query(java.lang.Object),12]
I/dvm_lock_sample(  559): [system_server,1,PowerManagerService,312,PowerManagerService.java,3340,void com.android.server.power.PowerManagerService.handleSandman(int),-,1633,void com.android.server.power.PowerManagerService.acquireWakeLockInternal(android.os.IBinder, int, int, java.lang.String, java.lang.String, android.os.WorkSource, java.lang.String, int, int, android.os.IWakeLockCallback),62]
I/dvm_lock_sample(  559): [system_server,1,binder:559_9,15,PropertyInvalidatedCache.java,1272,void android.app.PropertyInvalidatedCache$AutoCorker.autoCork(),-,1319,void android.app.PropertyInvalidatedCache$AutoCorker.handleMessage(android.os.Message),3]
I/dvm_lock_sample(  559): [system_server,1,NetworkPolicy,32,PermissionManagerServiceImpl.java,972,int com.android.server.pm.permission.PermissionManagerServiceImpl.checkPermissionInternal(com.android.server.pm.pkg.AndroidPackage, boolean, java.lang.String, int),-,879,void com.android.server.pm.permission.PermissionManagerServiceImpl.updatePermissionFlagsInternal(java.lang.String, java.lang.String, int, int, int, int, boolean, com.android.server.pm.permission.PermissionManagerServiceImpl$PermissionCallback),6]
I/dvm_lock_sample(  559): [system_server,1,binder:559_6,32,BinderCallsStats.java,304,void com.android.internal.os.BinderCallsStats.processCallEnded(com.android.internal.os.BinderInternal$CallSession, int, int, int),-,358,void com.android.internal.os.BinderCallsStats.processCallEnded(com.android.internal.os.BinderInternal$CallSession, int, int, int),6]
I/service_manager_slow(  559): [13,time_detector]
I/dvm_lock_sample(  559): [system_server,1,PowerManagerService,207,PowerManagerService.java,3340,void com.android.server.power.PowerManagerService.handleSandman(int),-,1633,void com.android.server.power.PowerManagerService.acquireWakeLockInternal(android.os.IBinder, int, int, java.lang.String, java.lang.String, android.os.WorkSource, java.lang.String, int, int, android.os.IWakeLockCallback),41]
I/dvm_lock_sample(  559): [system_server,0,appscheduling.default,297,JobSchedulerService.java,3152,void com.android.server.job.JobSchedulerService$JobHandler.handleMessage(android.os.Message),TimeController.java,322,void com.android.server.job.controllers.TimeController.checkExpiredDelaysAndResetAlarm(),59]
I/dvm_lock_sample(  559): [system_server,1,binder:559_14,572,PermissionManagerServiceImpl.java,972,int com.android.server.pm.permission.PermissionManagerServiceImpl.checkPermissionInternal(com.android.server.pm.pkg.AndroidPackage, boolean, java.lang.String, int),-,879,void com.android.server.pm.permission.PermissionManagerServiceImpl.updatePermissionFlagsInternal(java.lang.String, java.lang.String, int, int, int, int, boolean, com.android.server.pm.permission.PermissionManagerServiceImpl$PermissionCallback),100]
I/dvm_lock_sample(  559): [system_server,1,PowerManagerService,306,PowerManagerService.java,3340,void com.android.server.power.PowerManagerService.handleSandman(int),-,1633,void com.android.server.power.PowerManagerService.acquireWakeLockInternal(android.os.IBinder, int, int, java.lang.String, java.lang.String, android.os.WorkSource, java.lang.String, int, int, android.os.IWakeLockCallback),61]
I/dvm_lock_sample(  559): [system_server,1,binder:559_1B,436,PermissionManagerServiceImpl.java,972,int com.android.server.pm.permission.PermissionManagerServiceImpl.checkPermissionInternal(com.android.server.pm.pkg.AndroidPackage, boolean, java.lang.String, int),-,879,void com.android.server.pm.permission.PermissionManagerServiceImpl.updatePermissionFlagsInternal(java.lang.String, java.lang.String, int, int, int, int, boolean, com.android.server.pm.permission.PermissionManagerServiceImpl$PermissionCallback),87]
I/dvm_lock_sample(  559): [system_server,1,binder:559_16,322,BinderCallsStats.java,304,void com.android.internal.os.BinderCallsStats.processCallEnded(com.android.internal.os.BinderInternal$CallSession, int, int, int),-,358,void com.android.internal.os.BinderCallsStats.processCallEnded(com.android.internal.os.BinderInternal$CallSession, int, int, int),64]
I/dvm_lock_sample(  559): [system_server,0,ConnectivityServiceThread,768,ActivityManagerService.java,15321,int com.android.server.am.ActivityManagerService.broadcastIntentWithFeature(android.app.IApplicationThread, java.lang.String, android.content.Intent, java.lang.String, android.content.IIntentReceiver, int, java.lang.String, android.os.Bundle, java.lang.String[], java.lang.String[], java.lang.String[], int, android.os.Bundle, boolean, boolean, int),-,13404,int com.android.server.am.ActivityManagerService.bindServiceInstance(android.app.IApplicationThread, android.os.IBinder, android.content.Intent, java.lang.String, android.app.IServiceConnection, long, java.lang.String, boolean, int, java.lang.String, android.app.IApplicationThread, java.lang.String, int),100]
I/dvm_lock_sample(  559): [system_server,1,binder:559_18,70,BinderCallsStats.java,304,void com.android.internal.os.BinderCallsStats.processCallEnded(com.android.internal.os.BinderInternal$CallSession, int, int, int),-,358,void com.android.internal.os.BinderCallsStats.processCallEnded(com.android.internal.os.BinderInternal$CallSession, int, int, int),14]
I/dvm_lock_sample(  559): [system_server,0,main,2529,TimeController.java,222,void com.android.server.job.controllers.TimeController.checkExpiredDeadlinesAndResetAlarm(),JobSchedulerService.java,3799,long com.android.server.job.JobSchedulerService.getMinJobExecutionGuaranteeMs(com.android.server.job.controllers.JobStatus),100]
I/service_manager_slow(  559): [16,time_detector]
I/netstats_mobile_sample(  559): [160469,141298,504,608,177541,94082,545,468,1787495275418]
I/netstats_wifi_sample(  559): [257363,157157,538,646,280015,134745,569,585,1787495275418]
I/service_manager_slow(  850): [399,connmetrics]
I/dvm_lock_sample(  559): [system_server,1,binder:559_F,124,BinderProxy.java,448,android.os.BinderProxy android.os.BinderProxy.getInstance(long, long),-,464,android.os.BinderProxy android.os.BinderProxy.getInstance(long, long),24]
I/dvm_lock_sample(  559): [system_server,0,batterystats-handler,104,MessageQueue.java,337,android.os.Message android.os.MessageQueue.next(),-,600,boolean android.os.MessageQueue.enqueueMessage(android.os.Message, long),20]
I/am_compact(  559): [2468,com.google.android.tts,ANON,126496,63800,61792,42944,-32320,0,-32320,32312,16690,SOME,0,999,19,100956,-12696]
I/am_unfreeze(  559): [3034,com.google.android.dialer,6]
I/service_manager_slow(  559): [109,time_detector]
I/dvm_lock_sample(  559): [system_server,1,PowerManagerService,144,PowerManagerService.java,3340,void com.android.server.power.PowerManagerService.handleSandman(int),-,1633,void com.android.server.power.PowerManagerService.acquireWakeLockInternal(android.os.IBinder, int, int, java.lang.String, java.lang.String, android.os.WorkSource, java.lang.String, int, int, android.os.IWakeLockCallback),28]
I/netstats_mobile_sample(  559): [160469,141298,504,608,177541,94082,545,468,1787495277620]
I/netstats_wifi_sample(  559): [257589,157427,541,650,280015,134745,569,585,1787495277620]
I/dvm_lock_sample(  559): [system_server,0,binder:559_16,67,BinderCallsStats.java,304,void com.android.internal.os.BinderCallsStats.processCallEnded(com.android.internal.os.BinderInternal$CallSession, int, int, int),-,358,void com.android.internal.os.BinderCallsStats.processCallEnded(com.android.internal.os.BinderInternal$CallSession, int, int, int),13]
I/dvm_lock_sample(  559): [system_server,0,appscheduling.default,647,ConnectivityController.java,1596,void com.android.server.job.controllers.ConnectivityController$UidDefaultNetworkCallback.onBlockedStatusChanged(android.net.Network, int),JobSchedulerService.java,4964,boolean com.android.server.job.JobSchedulerService.isBatteryCharging(),100]
I/dvm_lock_sample(  559): [system_server,0,ConnectivityThread,625,ConnectivityController.java,1409,void com.android.server.job.controllers.ConnectivityController$2.onCapabilitiesChanged(android.net.Network, android.net.NetworkCapabilities),JobSchedulerService.java,4964,boolean com.android.server.job.JobSchedulerService.isBatteryCharging(),100]
I/dvm_lock_sample(  850): [com.android.networkstack.process,1,main,1397,MessageQueue.java,302,int android.os.MessageQueue.dispatchEvents(int, int),-,206,void android.os.MessageQueue.addOnFileDescriptorEventListener(java.io.FileDescriptor, int, android.os.MessageQueue$OnFileDescriptorEventListener),100]
I/dvm_lock_sample(  850): [com.android.networkstack.process,0,pool-2-thread-1,914,MessageQueue.java,554,boolean android.os.MessageQueue.enqueueMessage(android.os.Message, long),-,206,void android.os.MessageQueue.addOnFileDescriptorEventListener(java.io.FileDescriptor, int, android.os.MessageQueue$OnFileDescriptorEventListener),100]
I/dvm_lock_sample(  559): [system_server,1,binder:559_1D,205,ConnectivityService.java,2382,android.net.LinkProperties android.net.connectivity.com.android.server.ConnectivityService.getLinkProperties(android.net.connectivity.com.android.server.connectivity.NetworkAgentInfo),-,2407,android.net.NetworkCapabilities android.net.connectivity.com.android.server.ConnectivityService.getNetworkCapabilitiesInternal(android.net.connectivity.com.android.server.connectivity.NetworkAgentInfo),41]
I/dvm_lock_sample(  559): [system_server,1,binder:559_C,256,ContentProviderHelper.java,174,android.app.ContentProviderHolder com.android.server.am.ContentProviderHelper.getContentProviderImpl(android.app.IApplicationThread, java.lang.String, android.os.IBinder, int, java.lang.String, java.lang.String, boolean, int),BroadcastQueueModernImpl.java,551,void com.android.server.am.BroadcastQueueModernImpl.checkPendingColdStartValidity(),51]
I/dvm_lock_sample(  559): [system_server,1,binder:559_D,281,ConnectivityService.java,2382,android.net.LinkProperties android.net.connectivity.com.android.server.ConnectivityService.getLinkProperties(android.net.connectivity.com.android.server.connectivity.NetworkAgentInfo),,0,null,56]
I/dvm_lock_sample(  559): [system_server,1,binder:559_A,280,ConnectivityService.java,6167,android.net.ProxyInfo android.net.connectivity.com.android.server.ConnectivityService.getLinkPropertiesProxyInfo(android.net.Network),,0,null,56]
I/dvm_lock_sample(  559): [system_server,1,binder:559_B,134,PermissionManagerServiceImpl.java,972,int com.android.server.pm.permission.PermissionManagerServiceImpl.checkPermissionInternal(com.android.server.pm.pkg.AndroidPackage, boolean, java.lang.String, int),-,879,void com.android.server.pm.permission.PermissionManagerServiceImpl.updatePermissionFlagsInternal(java.lang.String, java.lang.String, int, int, int, int, boolean, com.android.server.pm.permission.PermissionManagerServiceImpl$PermissionCallback),26]
I/dvm_lock_sample(  559): [system_server,1,binder:559_17,706,PermissionManagerServiceImpl.java,972,int com.android.server.pm.permission.PermissionManagerServiceImpl.checkPermissionInternal(com.android.server.pm.pkg.AndroidPackage, boolean, java.lang.String, int),-,879,void com.android.server.pm.permission.PermissionManagerServiceImpl.updatePermissionFlagsInternal(java.lang.String, java.lang.String, int, int, int, int, boolean, com.android.server.pm.permission.PermissionManagerServiceImpl$PermissionCallback),100]
I/service_manager_slow(  559): [196,time_detector]
I/dvm_lock_sample(  559): [system_server,0,ConnectivityThread,2196,ServiceManager.java,389,android.os.IBinder android.os.ServiceManager.rawGetService(java.lang.String),-,426,android.os.IBinder android.os.ServiceManager.rawGetService(java.lang.String),100]
I/service_manager_slow(  559): [217,time_detector]
I/dvm_lock_sample(  954): [com.android.phone,1,main,1583,MessageQueue.java,337,android.os.Message android.os.MessageQueue.next(),-,600,boolean android.os.MessageQueue.enqueueMessage(android.os.Message, long),100]
I/dvm_lock_sample(  954): [com.android.phone,0,binder:954_A,1546,MessageQueue.java,554,boolean android.os.MessageQueue.enqueueMessage(android.os.Message, long),-,600,boolean android.os.MessageQueue.enqueueMessage(android.os.Message, long),100]
I/dvm_lock_sample(  559): [system_server,1,binder:559_15,210,AlarmManagerService.java,2351,void com.android.server.alarm.AlarmManagerService.setImpl(int, long, long, long, android.app.PendingIntent, android.app.IAlarmListener, java.lang.String, int, android.os.WorkSource, android.app.AlarmManager$AlarmClockInfo, int, java.lang.String, android.os.Bundle, int),-,2004,void com.android.server.alarm.AlarmManagerService$3.doAlarm(android.app.IAlarmCompleteListener),42]
I/dvm_lock_sample(  559): [system_server,0,NetworkPolicy,609,NetworkPolicyManagerService.java,2042,void com.android.server.net.NetworkPolicyManagerService.setNetworkTemplateEnabledInner(android.net.NetworkTemplate, boolean),-,3503,android.telephony.SubscriptionPlan com.android.server.net.NetworkPolicyManagerService.getSubscriptionPlan(android.net.NetworkTemplate),100]
I/dvm_lock_sample(  559): [system_server,1,binder:559_17,555,ActivityManagerService.java,13787,android.content.Intent com.android.server.am.ActivityManagerService.registerReceiverWithFeature(android.app.IApplicationThread, java.lang.String, java.lang.String, java.lang.String, android.content.IIntentReceiver, android.content.IntentFilter, java.lang.String, int, int),BroadcastQueueModernImpl.java,551,void com.android.server.am.BroadcastQueueModernImpl.checkPendingColdStartValidity(),100]
I/service_manager_slow( 4625): [122,textservices]
I/netstats_mobile_sample(  559): [160469,141298,504,608,177541,94082,545,468,1787495284604]
I/netstats_wifi_sample(  559): [262782,162520,570,680,285697,138704,599,614,1787495284604]
I/dvm_lock_sample(  850): [com.android.networkstack.process,0,NetworkMonitor/107,335,MessageQueue.java,337,android.os.Message android.os.MessageQueue.next(),-,600,boolean android.os.MessageQueue.enqueueMessage(android.os.Message, long),67]
I/am_compact(  559): [3735,com.google.android.rkpdapp,ANON,86380,51292,34320,14284,-4512,0,-4512,4496,8455,SOME,0,925,19,113652,-1472]
I/service_manager_slow(  559): [248,time_detector]
I/dvm_lock_sample(  559): [system_server,0,CachedAppOptimizerThread,255,CachedAppOptimizer.java,2060,void com.android.server.am.CachedAppOptimizer$MemCompactionHandler.handleMessage(android.os.Message),ActivityManagerService.java,1846,void com.android.server.am.ActivityManagerService$MainHandler.handleMessage(android.os.Message),51]
I/dvm_lock_sample(  559): [system_server,1,binder:559_11,570,PermissionManagerServiceImpl.java,859,void com.android.server.pm.permission.PermissionManagerServiceImpl.updatePermissionFlagsInternal(java.lang.String, java.lang.String, int, int, int, int, boolean, com.android.server.pm.permission.PermissionManagerServiceImpl$PermissionCallback),-,981,int com.android.server.pm.permission.PermissionManagerServiceImpl.checkPermissionInternal(com.android.server.pm.pkg.AndroidPackage, boolean, java.lang.String, int),100]
I/dvm_lock_sample(  559): [system_server,1,binder:559_18,605,PermissionManagerServiceImpl.java,859,void com.android.server.pm.permission.PermissionManagerServiceImpl.updatePermissionFlagsInternal(java.lang.String, java.lang.String, int, int, int, int, boolean, com.android.server.pm.permission.PermissionManagerServiceImpl$PermissionCallback),-,981,int com.android.server.pm.permission.PermissionManagerServiceImpl.checkPermissionInternal(com.android.server.pm.pkg.AndroidPackage, boolean, java.lang.String, int),100]
I/netstats_mobile_sample(  559): [160469,141298,504,608,177541,94082,545,468,1787495285957]
I/netstats_wifi_sample(  559): [262782,162520,570,680,286646,138848,603,617,1787495285957]
I/dvm_lock_sample(  559): [system_server,0,NetworkPolicy,508,NetworkStatsService.java,1658,android.net.NetworkStatsHistory android.net.connectivity.com.android.server.net.NetworkStatsService.internalGetHistoryForNetwork(android.net.NetworkTemplate, int, int, int, int, long, long),-,2087,void android.net.connectivity.com.android.server.net.NetworkStatsService.handleNotifyNetworkStatus(android.net.Network[], android.net.NetworkStateSnapshot[], java.lang.String),100]
I/wm_on_create_called( 4625): [192531700,com.admin9.app.foundation.MainActivity,performCreate,36989]
I/wm_on_start_called( 4625): [192531700,com.admin9.app.foundation.MainActivity,handleStartActivity,0]
I/wm_on_resume_called( 4625): [192531700,com.admin9.app.foundation.MainActivity,RESUME_ACTIVITY,94]
I/service_manager_slow(  850): [126,connmetrics]
I/dvm_lock_sample(  559): [system_server,1,binder:559_1E,124,BinderCallsStats.java,304,void com.android.internal.os.BinderCallsStats.processCallEnded(com.android.internal.os.BinderInternal$CallSession, int, int, int),-,358,void com.android.internal.os.BinderCallsStats.processCallEnded(com.android.internal.os.BinderInternal$CallSession, int, int, int),24]
I/dvm_lock_sample(  559): [system_server,0,main,304,PropertyInvalidatedCache.java,1293,void android.app.PropertyInvalidatedCache$AutoCorker.handleMessage(android.os.Message),-,1289,void android.app.PropertyInvalidatedCache$AutoCorker.autoCork(),60]
I/dvm_lock_sample(  559): [system_server,1,binder:559_D,357,PermissionManagerServiceImpl.java,972,int com.android.server.pm.permission.PermissionManagerServiceImpl.checkPermissionInternal(com.android.server.pm.pkg.AndroidPackage, boolean, java.lang.String, int),-,879,void com.android.server.pm.permission.PermissionManagerServiceImpl.updatePermissionFlagsInternal(java.lang.String, java.lang.String, int, int, int, int, boolean, com.android.server.pm.permission.PermissionManagerServiceImpl$PermissionCallback),71]
I/dvm_lock_sample( 4645): [com.google.android.gms.persisten,0,Producer Thread #1,1572,AssetManager.java,579,java.lang.CharSequence android.content.res.AssetManager.getResourceText(int),-,910,java.io.InputStream android.content.res.AssetManager.open(java.lang.String, int),100]
I/dvm_lock_sample(  559): [system_server,0,NetworkPolicy,1746,NetworkPolicyManagerService.java,6090,long com.android.server.net.NetworkPolicyManagerService$NetworkPolicyManagerInternalImpl.getSubscriptionOpportunisticQuota(android.net.Network, int),-,3503,android.telephony.SubscriptionPlan com.android.server.net.NetworkPolicyManagerService.getSubscriptionPlan(android.net.NetworkTemplate),100]
I/wm_on_top_resumed_gained_called( 4625): [192531700,com.admin9.app.foundation.MainActivity,topStateChangedWhenResumed]
I/service_manager_slow( 4625): [81,content_capture]
I/dvm_lock_sample(  559): [system_server,0,main,103,PropertyInvalidatedCache.java,1293,void android.app.PropertyInvalidatedCache$AutoCorker.handleMessage(android.os.Message),-,1289,void android.app.PropertyInvalidatedCache$AutoCorker.autoCork(),20]
I/am_compact(  559): [1911,com.google.process.gapps,ANON,84900,51324,32836,15552,-2744,0,-2744,2728,4457,SOME,0,975,19,115124,-884]
I/dvm_lock_sample(  559): [system_server,1,binder:559_14,239,PermissionManagerServiceImpl.java,972,int com.android.server.pm.permission.PermissionManagerServiceImpl.checkPermissionInternal(com.android.server.pm.pkg.AndroidPackage, boolean, java.lang.String, int),-,879,void com.android.server.pm.permission.PermissionManagerServiceImpl.updatePermissionFlagsInternal(java.lang.String, java.lang.String, int, int, int, int, boolean, com.android.server.pm.permission.PermissionManagerServiceImpl$PermissionCallback),47]
I/netstats_mobile_sample(  559): [161195,141908,516,619,178377,94716,553,478,1787495290988]
I/netstats_wifi_sample(  559): [262862,162600,572,682,286726,138928,605,619,1787495290988]
I/dvm_lock_sample(  559): [system_server,0,NetworkPolicy,948,NetworkStatsService.java,1865,void android.net.connectivity.com.android.server.net.NetworkStatsService.advisePersistThreshold(long),-,2333,void android.net.connectivity.com.android.server.net.NetworkStatsService.performPoll(int),100]
I/dvm_lock_sample(  559): [system_server,0,ConnectivityServiceThread,286,PermissionManagerServiceImpl.java,972,int com.android.server.pm.permission.PermissionManagerServiceImpl.checkPermissionInternal(com.android.server.pm.pkg.AndroidPackage, boolean, java.lang.String, int),-,879,void com.android.server.pm.permission.PermissionManagerServiceImpl.updatePermissionFlagsInternal(java.lang.String, java.lang.String, int, int, int, int, boolean, com.android.server.pm.permission.PermissionManagerServiceImpl$PermissionCallback),57]
I/service_manager_slow(  559): [276,time_detector]
I/dvm_lock_sample(  559): [system_server,0,main,323,PropertyInvalidatedCache.java,1293,void android.app.PropertyInvalidatedCache$AutoCorker.handleMessage(android.os.Message),-,1289,void android.app.PropertyInvalidatedCache$AutoCorker.autoCork(),64]
I/dvm_lock_sample(  559): [system_server,1,binder:559_F,324,PermissionManagerServiceImpl.java,972,int com.android.server.pm.permission.PermissionManagerServiceImpl.checkPermissionInternal(com.android.server.pm.pkg.AndroidPackage, boolean, java.lang.String, int),-,879,void com.android.server.pm.permission.PermissionManagerServiceImpl.updatePermissionFlagsInternal(java.lang.String, java.lang.String, int, int, int, int, boolean, com.android.server.pm.permission.PermissionManagerServiceImpl$PermissionCallback),64]
I/dvm_lock_sample(  559): [system_server,1,binder:559_1B,327,PermissionManagerServiceImpl.java,972,int com.android.server.pm.permission.PermissionManagerServiceImpl.checkPermissionInternal(com.android.server.pm.pkg.AndroidPackage, boolean, java.lang.String, int),-,879,void com.android.server.pm.permission.PermissionManagerServiceImpl.updatePermissionFlagsInternal(java.lang.String, java.lang.String, int, int, int, int, boolean, com.android.server.pm.permission.PermissionManagerServiceImpl$PermissionCallback),65]
I/dvm_lock_sample(  559): [system_server,0,WifiHandlerThread,304,ActivityManagerService.java,5964,boolean com.android.server.am.ActivityManagerService.isAppStartModeDisabled(int, java.lang.String),-,1846,void com.android.server.am.ActivityManagerService$MainHandler.handleMessage(android.os.Message),60]
I/dvm_lock_sample(  559): [system_server,1,binder:559_1D,360,PermissionManagerServiceImpl.java,972,int com.android.server.pm.permission.PermissionManagerServiceImpl.checkPermissionInternal(com.android.server.pm.pkg.AndroidPackage, boolean, java.lang.String, int),-,879,void com.android.server.pm.permission.PermissionManagerServiceImpl.updatePermissionFlagsInternal(java.lang.String, java.lang.String, int, int, int, int, boolean, com.android.server.pm.permission.PermissionManagerServiceImpl$PermissionCallback),72]
I/netstats_mobile_sample(  559): [163760,143727,531,632,180157,96397,567,493,1787495293038]
I/netstats_wifi_sample(  559): [262862,162600,572,682,286726,138928,605,619,1787495293038]
I/dvm_lock_sample(  559): [system_server,0,NetworkPolicy,589,NetworkStatsService.java,1658,android.net.NetworkStatsHistory android.net.connectivity.com.android.server.net.NetworkStatsService.internalGetHistoryForNetwork(android.net.NetworkTemplate, int, int, int, int, long, long),-,2333,void android.net.connectivity.com.android.server.net.NetworkStatsService.performPoll(int),100]
I/dvm_lock_sample(  559): [system_server,0,ConnectivityThread,833,NetworkPolicyManagerService.java,1393,void com.android.server.net.NetworkPolicyManagerService$11.onLinkPropertiesChanged(android.net.Network, android.net.LinkProperties),-,3503,android.telephony.SubscriptionPlan com.android.server.net.NetworkPolicyManagerService.getSubscriptionPlan(android.net.NetworkTemplate),100]
I/service_manager_stats(  559): [100,6638,197854]
I/dvm_lock_sample(  559): [system_server,1,binder:559_F,22,PropertyInvalidatedCache.java,1272,void android.app.PropertyInvalidatedCache$AutoCorker.autoCork(),-,1319,void android.app.PropertyInvalidatedCache$AutoCorker.handleMessage(android.os.Message),4]
I/dvm_lock_sample( 4645): [com.google.android.gms.persisten,0,GoogleApiHandler,432,:com.google.android.gms@231818044@23.18.18 (190400-535401451),1,hhf hkv.c(android.content.Context, hlm, hln, java.lang.String, hey),-,20,hhf hkv.c(android.content.Context, hlm, hln, java.lang.String, hey),86]
I/netstats_mobile_sample(  559): [163840,143831,533,634,181186,96959,573,499,1787495294094]
I/dvm_lock_sample( 4645): [com.google.android.gms.persisten,0,lowpool[1],314,:com.google.android.gms@231818044@23.18.18 (190400-535401451),1,hhf hkv.c(android.content.Context, hlm, hln, java.lang.String, hey),-,20,hhf hkv.c(android.content.Context, hlm, hln, java.lang.String, hey),62]
I/netstats_wifi_sample(  559): [262862,162600,572,682,286726,138928,605,619,1787495294094]
I/dvm_lock_sample(  559): [system_server,0,NetworkPolicy,932,NetworkStatsService.java,1865,void android.net.connectivity.com.android.server.net.NetworkStatsService.advisePersistThreshold(long),-,2333,void android.net.connectivity.com.android.server.net.NetworkStatsService.performPoll(int),100]
I/dvm_lock_sample(  559): [system_server,0,ConnectivityServiceThread,195,PermissionManagerServiceImpl.java,972,int com.android.server.pm.permission.PermissionManagerServiceImpl.checkPermissionInternal(com.android.server.pm.pkg.AndroidPackage, boolean, java.lang.String, int),-,879,void com.android.server.pm.permission.PermissionManagerServiceImpl.updatePermissionFlagsInternal(java.lang.String, java.lang.String, int, int, int, int, boolean, com.android.server.pm.permission.PermissionManagerServiceImpl$PermissionCallback),39]
I/dvm_lock_sample( 4645): [com.google.android.gms.persisten,0,lowpool[1],400,:com.google.android.gms@231818044@23.18.18 (190400-535401451),1,java.lang.Object dhcg.a(),-,2,java.lang.Object dhcg.a(),80]
I/service_manager_slow( 4625): [229,device_state]
I/dvm_lock_sample(  559): [system_server,0,AnrConsumer,416,WindowProcessController.java,1723,void com.android.server.wm.WindowProcessController.appEarlyNotResponding(java.lang.String, java.lang.Runnable),ActivityTaskManagerService.java,1133,android.content.res.Configuration com.android.server.wm.ActivityTaskManagerService.getGlobalConfigurationForPid(int),83]
I/dvm_lock_sample(  559): [system_server,0,binder:559_18,416,Session.java,943,void com.android.server.wm.Session.setOnBackInvokedCallbackInfo(android.view.IWindow, android.window.OnBackInvokedCallbackInfo),ActivityTaskManagerService.java,1133,android.content.res.Configuration com.android.server.wm.ActivityTaskManagerService.getGlobalConfigurationForPid(int),83]
I/dvm_lock_sample(  559): [system_server,1,android.anim,586,InputMonitor.java,121,void com.android.server.wm.InputMonitor$UpdateInputWindows.run(),ActivityTaskManagerService.java,1133,android.content.res.Configuration com.android.server.wm.ActivityTaskManagerService.getGlobalConfigurationForPid(int),100]
I/input_focus(  559): [Focus request 488a9a0 com.admin9.app.foundation/com.admin9.app.foundation.MainActivity,reason=UpdateInputWindows]
I/netstats_mobile_sample(  559): [163840,143831,533,634,181186,96959,573,499,1787495296381]
I/netstats_wifi_sample(  559): [262862,162600,572,682,286726,138928,605,619,1787495296381]
I/dvm_lock_sample(  559): [system_server,0,NetworkPolicy,1536,NetworkStatsService.java,1658,android.net.NetworkStatsHistory android.net.connectivity.com.android.server.net.NetworkStatsService.internalGetHistoryForNetwork(android.net.NetworkTemplate, int, int, int, int, long, long),-,2333,void android.net.connectivity.com.android.server.net.NetworkStatsService.performPoll(int),100]
I/dvm_lock_sample(  559): [system_server,0,watchdog.monitor,1443,WindowManagerService.java,7112,void com.android.server.wm.WindowManagerService.monitor(),,0,null,100]
I/dvm_lock_sample(  559): [system_server,1,binder:559_F,236,WindowManagerService.java,3937,boolean com.android.server.wm.WindowManagerService.isInTouchMode(int),WindowAnimator.java,103,void com.android.server.wm.WindowAnimator.lambda$new$1(long),47]
I/am_anr  (  559): [0,4681,com.google.android.googlequicksearchbox:search,685489733,executing service com.google.android.googlequicksearchbox/com.google.android.apps.gsa.shared.util.keepalive.StandaloneKeepAlive$KeepAliveService]
I/service_manager_slow(  559): [13,time_detector]
I/dvm_lock_sample(  559): [system_server,0,NetworkStats,890,ActivityManagerService.java,15321,int com.android.server.am.ActivityManagerService.broadcastIntentWithFeature(android.app.IApplicationThread, java.lang.String, android.content.Intent, java.lang.String, android.content.IIntentReceiver, int, java.lang.String, android.os.Bundle, java.lang.String[], java.lang.String[], java.lang.String[], int, android.os.Bundle, boolean, boolean, int),ProcessErrorStateRecord.java,403,void com.android.server.am.ProcessErrorStateRecord.appNotResponding(java.lang.String, android.content.pm.ApplicationInfo, java.lang.String, com.android.server.wm.WindowProcessController, boolean, com.android.internal.os.TimeoutRecord, java.util.concurrent.ExecutorService, boolean, boolean, java.util.concurrent.Future),100]
I/dvm_lock_sample(  559): [system_server,1,ActivityManager,250,BroadcastQueueModernImpl.java,293,boolean com.android.server.am.BroadcastQueueModernImpl.lambda$new$0(android.os.Message),ActivityManagerService.java,13404,int com.android.server.am.ActivityManagerService.bindServiceInstance(android.app.IApplicationThread, android.os.IBinder, android.content.Intent, java.lang.String, android.app.IServiceConnection, long, java.lang.String, boolean, int, java.lang.String, android.app.IApplicationThread, java.lang.String, int),50]
I/service_manager_slow(  559): [200,time_detector]
I/dvm_lock_sample(  559): [system_server,0,main,118,PropertyInvalidatedCache.java,1293,void android.app.PropertyInvalidatedCache$AutoCorker.handleMessage(android.os.Message),-,1289,void android.app.PropertyInvalidatedCache$AutoCorker.autoCork(),23]
I/dvm_lock_sample(  559): [system_server,1,ActivityManager,494,BroadcastQueueModernImpl.java,293,boolean com.android.server.am.BroadcastQueueModernImpl.lambda$new$0(android.os.Message),ContentProviderHelper.java,614,android.app.ContentProviderHolder com.android.server.am.ContentProviderHelper.getContentProviderImpl(android.app.IApplicationThread, java.lang.String, android.os.IBinder, int, java.lang.String, java.lang.String, boolean, int),98]
I/dvm_lock_sample( 4681): [com.google.android.googlequickse,0,Primes-1,825,PG,7,com.google.android.libraries.phenotype.client.stable.aa com.google.android.libraries.phenotype.client.stable.j.a(com.google.android.libraries.phenotype.client.t, java.lang.String),-,10,com.google.android.libraries.phenotype.client.stable.aa com.google.android.libraries.phenotype.client.stable.j.a(com.google.android.libraries.phenotype.client.t, java.lang.String),100]
I/service_manager_slow( 4681): [412,virtualdevice]
I/am_compact(  559): [1656,com.google.android.youtube,ANON,154248,103864,48984,21896,-20676,8,-20684,20660,13212,SOME,0,955,19,116008,-7936]
I/dvm_lock_sample( 4681): [com.google.android.googlequickse,0,Primes-2,186,PG,19,java.lang.Object com.google.android.libraries.phenotype.client.stable.bj.c(com.google.android.libraries.phenotype.client.t),-,21,java.lang.Object com.google.android.libraries.phenotype.client.stable.bj.c(com.google.android.libraries.phenotype.client.t),37]
I/dvm_lock_sample( 4645): [com.google.android.gms.persisten,1,main,10544,:com.google.android.gms@231818044@23.18.18 (190400-535401451),1,java.util.Map cvdh.c(),-,6,java.util.Map cvdh.c(),100]
I/am_compact(  559): [2826,com.android.chrome,ANON,96216,61760,33420,16824,-2904,0,-2904,2896,3614,FULL,28123,975,19,123944,-1072]
I/service_manager_slow( 4645): [710,legacy_permission]
I/dvm_lock_sample( 4645): [com.google.android.gms.persisten,1,binder:4645_6,503,:com.google.android.gms@231818044@23.18.18 (190400-535401451),4,java.lang.Object cvep.g(),-,14,java.lang.Object cvep.g(),100]
I/dvm_lock_sample( 4645): [com.google.android.gms.persisten,1,binder:4645_4,183,:com.google.android.gms@231818044@23.18.18 (190400-535401451),1,abet abet.b(dhcc),-,3,abet abet.b(dhcc),36]
I/am_kill (  559): [0,4681,com.google.android.googlequicksearchbox:search,0,bg anr]
I/dvm_lock_sample(  559): [system_server,1,binder:559_F,387,PermissionManagerServiceImpl.java,972,int com.android.server.pm.permission.PermissionManagerServiceImpl.checkPermissionInternal(com.android.server.pm.pkg.AndroidPackage, boolean, java.lang.String, int),-,879,void com.android.server.pm.permission.PermissionManagerServiceImpl.updatePermissionFlagsInternal(java.lang.String, java.lang.String, int, int, int, int, boolean, com.android.server.pm.permission.PermissionManagerServiceImpl$PermissionCallback),77]
I/dvm_lock_sample(  559): [system_server,1,binder:559_1D,177,PermissionManagerServiceImpl.java,972,int com.android.server.pm.permission.PermissionManagerServiceImpl.checkPermissionInternal(com.android.server.pm.pkg.AndroidPackage, boolean, java.lang.String, int),-,879,void com.android.server.pm.permission.PermissionManagerServiceImpl.updatePermissionFlagsInternal(java.lang.String, java.lang.String, int, int, int, int, boolean, com.android.server.pm.permission.PermissionManagerServiceImpl$PermissionCallback),35]
I/dvm_lock_sample(  559): [system_server,1,binder:559_11,200,PermissionManagerServiceImpl.java,972,int com.android.server.pm.permission.PermissionManagerServiceImpl.checkPermissionInternal(com.android.server.pm.pkg.AndroidPackage, boolean, java.lang.String, int),-,879,void com.android.server.pm.permission.PermissionManagerServiceImpl.updatePermissionFlagsInternal(java.lang.String, java.lang.String, int, int, int, int, boolean, com.android.server.pm.permission.PermissionManagerServiceImpl$PermissionCallback),40]
I/dvm_lock_sample(  559): [system_server,1,PowerManagerService,335,PowerManagerService.java,3340,void com.android.server.power.PowerManagerService.handleSandman(int),-,1633,void com.android.server.power.PowerManagerService.acquireWakeLockInternal(android.os.IBinder, int, int, java.lang.String, java.lang.String, android.os.WorkSource, java.lang.String, int, int, android.os.IWakeLockCallback),67]
I/am_compact(  559): [3367,com.google.android.contacts,ANON,154580,110856,42792,14016,-13584,0,-13584,13528,8042,SOME,0,915,19,125016,-4232]
I/am_pss  (  559): [4065,10127,com.google.android.gms.unstable,32589824,17985536,230400,167337984,0,19,41]
I/am_pss  (  559): [4645,10127,com.google.android.gms.persistent,13591552,7184384,152576,83648512,0,5,40]
I/service_manager_slow( 4645): [88,location]
I/am_pss  (  559): [4625,10192,com.admin9.app.foundation,79880192,75399168,228352,173686784,0,2,93]
I/am_compact(  559): [1695,com.google.android.settings.intelligence,ANON,123916,82928,40228,15520,-11976,0,-11976,11960,8073,SOME,0,905,19,129248,-3868]
I/am_pss  (  559): [1070,10162,com.google.android.apps.nexuslauncher,42583040,20201472,16828416,128204800,0,5,839]
I/am_proc_died(  559): [0,4681,com.google.android.googlequicksearchbox:search,0,5]
I/service_manager_slow( 4645): [70,wifi]
I/am_schedule_service_restart(  559): [0,com.google.android.googlequicksearchbox/com.google.android.apps.gsa.shared.util.keepalive.StandaloneKeepAlive$KeepAliveService,1000]
I/am_schedule_service_restart(  559): [0,com.google.android.googlequicksearchbox/com.google.android.apps.gsa.publicsearch.PublicSearchService,10973]
I/dvm_lock_sample(  559): [system_server,1,ActivityManager,555,BroadcastQueueModernImpl.java,389,void com.android.server.am.BroadcastQueueModernImpl.updateRunningList(),ActivityManagerService.java,1584,void com.android.server.am.ActivityManagerService$AppDeathRecipient.binderDied(),100]
I/dvm_lock_sample(  559): [system_server,0,appscheduling.default,113,ActivityManagerService.java,9656,int com.android.server.am.ActivityManagerService.getMemoryTrimLevel(),-,1584,void com.android.server.am.ActivityManagerService$AppDeathRecipient.binderDied(),22]
I/am_compact(  559): [3902,com.google.android.marvin.talkback,ANON,90848,56388,33724,14616,-3340,0,-3340,3316,1931,SOME,0,905,19,133116,-1092]
I/am_pss  (  559): [4645,10127,com.google.android.gms.persistent,29268992,17874944,235520,148705280,0,5,149]
I/service_manager_slow( 1695): [79,virtualdevice]
I/dvm_lock_sample(  559): [system_server,1,ActivityManager,841,BroadcastQueueModernImpl.java,293,boolean com.android.server.am.BroadcastQueueModernImpl.lambda$new$0(android.os.Message),ActivityManagerService.java,13404,int com.android.server.am.ActivityManagerService.bindServiceInstance(android.app.IApplicationThread, android.os.IBinder, android.content.Intent, java.lang.String, android.app.IServiceConnection, long, java.lang.String, boolean, int, java.lang.String, android.app.IApplicationThread, java.lang.String, int),100]
I/dvm_lock_sample(  559): [system_server,1,binder:559_1B,466,PropertyInvalidatedCache.java,937,java.lang.Object android.app.PropertyInvalidatedCache.query(java.lang.Object),-,953,java.lang.Object android.app.PropertyInvalidatedCache.query(java.lang.Object),93]
I/dvm_lock_sample(  559): [system_server,1,ActivityManager,437,PropertyInvalidatedCache.java,937,java.lang.Object android.app.PropertyInvalidatedCache.query(java.lang.Object),-,953,java.lang.Object android.app.PropertyInvalidatedCache.query(java.lang.Object),87]
I/dvm_lock_sample(  559): [system_server,0,binder:559_C,990,ActivityManagerService.java,13459,void com.android.server.am.ActivityManagerService.serviceDoneExecuting(android.os.IBinder, int, int, int),,0,null,100]
I/dvm_lock_sample(  559): [system_server,0,watchdog.monitor,1481,ActivityManagerService.java,17019,void com.android.server.am.ActivityManagerService.monitor(),,0,null,100]
I/am_pss  (  559): [4625,10192,com.admin9.app.foundation,79988736,75489280,232448,173772800,0,2,239]
I/dvm_lock_sample(  559): [system_server,1,binder:559_14,251,ActivityManagerService.java,5527,java.lang.String com.android.server.am.ActivityManagerService.getTagForIntentSender(android.content.IIntentSender, java.lang.String),ActiveServices.java,4086,void com.android.server.am.ActiveServices$ServiceRestarter.run(),50]
I/am_pss  (  559): [4065,10127,com.google.android.gms.unstable,32589824,17977344,231424,167337984,0,19,24]
I/dvm_lock_sample(  559): [system_server,0,appscheduling.default,265,AlarmManagerService.java,5522,void com.android.server.alarm.AlarmManagerService$9.handleUidCachedChanged(int, boolean),-,2373,void com.android.server.alarm.AlarmManagerService.setImpl(int, long, long, long, android.app.PendingIntent, android.app.IAlarmListener, java.lang.String, int, android.os.WorkSource, android.app.AlarmManager$AlarmClockInfo, int, java.lang.String, android.os.Bundle, int),53]
I/dvm_lock_sample(  559): [system_server,1,ActivityManager,202,BroadcastQueueModernImpl.java,293,boolean com.android.server.am.BroadcastQueueModernImpl.lambda$new$0(android.os.Message),ActivityManagerService.java,13404,int com.android.server.am.ActivityManagerService.bindServiceInstance(android.app.IApplicationThread, android.os.IBinder, android.content.Intent, java.lang.String, android.app.IServiceConnection, long, java.lang.String, boolean, int, java.lang.String, android.app.IApplicationThread, java.lang.String, int),40]
I/am_compact(  559): [3886,com.google.android.healthconnect.controller,ANON,80220,45896,33588,14648,-3216,0,-3216,3192,2722,SOME,0,925,19,134208,-324]
I/am_proc_start(  559): [0,4930,10132,com.google.android.googlequicksearchbox:search,service,{com.google.android.googlequicksearchbox/com.google.android.apps.gsa.shared.util.keepalive.StandaloneKeepAlive$KeepAliveService}]
I/service_manager_slow( 1695): [146,wifi]
I/dvm_lock_sample(  559): [system_server,1,binder:559_14,143,ActivityManagerService.java,13189,android.content.ComponentName com.android.server.am.ActivityManagerService.startService(android.app.IApplicationThread, android.content.Intent, java.lang.String, boolean, java.lang.String, java.lang.String, int, boolean, int, java.lang.String, java.lang.String),-,13404,int com.android.server.am.ActivityManagerService.bindServiceInstance(android.app.IApplicationThread, android.os.IBinder, android.content.Intent, java.lang.String, android.app.IServiceConnection, long, java.lang.String, boolean, int, java.lang.String, android.app.IApplicationThread, java.lang.String, int),28]
I/dvm_lock_sample(  559): [system_server,1,PowerManagerService,905,PowerManagerService.java,3340,void com.android.server.power.PowerManagerService.handleSandman(int),-,1768,void com.android.server.power.PowerManagerService.releaseWakeLockInternal(android.os.IBinder, int),100]
I/dvm_lock_sample(  559): [system_server,1,binder:559_F,1023,PowerManagerService.java,3858,boolean com.android.server.power.PowerManagerService.isGloballyInteractiveInternal(),-,1768,void com.android.server.power.PowerManagerService.releaseWakeLockInternal(android.os.IBinder, int),100]
I/dvm_lock_sample(  559): [system_server,0,appscheduling.default,1801,QuotaController.java,2656,void com.android.server.job.controllers.QuotaController$QcHandler.handleMessage(android.os.Message),JobSchedulerService.java,4964,boolean com.android.server.job.JobSchedulerService.isBatteryCharging(),100]
I/dvm_lock_sample(  559): [system_server,0,android.io,915,JobStore.java,722,void com.android.server.job.JobStore$2.run(),JobSchedulerService.java,4964,boolean com.android.server.job.JobSchedulerService.isBatteryCharging(),100]
I/dvm_lock_sample( 4645): [com.google.android.gms.persisten,0,highpool[3],663,:com.google.android.gms@231818044@23.18.18 (190400-535401451),1,void awri.h(),-,5,void awri.d(),100]
I/commit_sys_config_file(  559): [jobs,588]
I/am_anr  (  559): [0,4645,com.google.android.gms.persistent,-1597325755,executing service com.google.android.gms/.geotimezone.GeoTimeZoneService]
I/service_manager_slow( 4930): [199,activity]
I/am_proc_bound(  559): [0,4930,com.google.android.googlequicksearchbox:search]
I/am_kill (  559): [0,3258,com.android.providers.calendar,975,empty #17]
I/am_kill (  559): [0,1656,com.google.android.youtube,985,empty #18]
I/am_kill (  559): [0,3735,com.google.android.rkpdapp,985,empty #19]
I/am_kill (  559): [0,1616,com.google.android.apps.youtube.music,995,empty #20]
I/am_kill (  559): [0,3489,com.google.android.gm,995,empty #21]
I/am_kill (  559): [0,2468,com.google.android.tts,999,empty #22]
I/am_kill (  559): [0,2573,com.google.android.deskclock,925,empty #23]
I/am_kill (  559): [0,2641,com.google.android.devicelockcontroller,999,empty #24]
I/am_kill (  559): [0,2826,com.android.chrome,999,empty #25]
I/am_kill (  559): [0,3329,com.google.android.configupdater,999,empty #26]
I/am_kill (  559): [0,3278,com.android.shell,999,empty #27]
I/am_kill (  559): [0,3198,com.android.dynsystem:dynsystem,999,empty #28]
I/am_kill (  559): [0,3216,com.android.managedprovisioning,999,empty #29]
I/am_kill (  559): [0,2155,com.google.android.apps.wallpaper,999,empty #30]
I/am_kill (  559): [0,2292,com.android.imsserviceentitlement,999,empty #31]
I/am_kill (  559): [0,3166,com.android.dynsystem,999,empty #32]
I/am_kill (  559): [0,2930,android.process.media,999,empty #33]
I/am_kill (  559): [0,3139,com.android.camera2,999,empty #34]
I/am_kill (  559): [0,2997,com.google.android.onetimeinitializer,999,empty #35]
I/am_kill (  559): [0,2891,com.android.externalstorage,999,empty #36]
I/am_kill (  559): [0,2696,com.android.localtransport,999,empty #37]
I/am_kill (  559): [0,2449,com.android.carrierdefaultapp,999,empty #38]
I/am_kill (  559): [0,1933,com.android.keychain,999,empty #39]
I/am_kill (  559): [0,1896,com.android.printspooler,999,empty #40]
I/dvm_lock_sample(  559): [system_server,1,NetworkPolicy.uid,1256,ActivityManagerService.java,17733,void com.android.server.am.ActivityManagerService$LocalService.notifyNetworkPolicyRulesUpdated(int, long),AppExitInfoTracker.java,1051,android.app.ApplicationExitInfo com.android.server.am.AppExitInfoTracker.obtainRawRecord(com.android.server.am.ProcessRecord, long),100]
I/dvm_lock_sample(  559): [system_server,1,ActivityManager,1134,BroadcastQueueModernImpl.java,293,boolean com.android.server.am.BroadcastQueueModernImpl.lambda$new$0(android.os.Message),ContentProviderHelper.java,1522,void com.android.server.am.ContentProviderHelper.handleProviderRemoval(com.android.server.am.ContentProviderConnection, boolean, boolean),100]
I/am_uid_idle(  559): 10175
I/am_proc_died(  559): [0,3216,com.android.managedprovisioning,999,19]
I/am_uid_stopped(  559): 10097
I/dvm_lock_sample(  559): [system_server,1,ActivityManager,186,BroadcastQueueModernImpl.java,389,void com.android.server.am.BroadcastQueueModernImpl.updateRunningList(),ActivityManagerService.java,1584,void com.android.server.am.ActivityManagerService$AppDeathRecipient.binderDied(),37]
I/dvm_lock_sample(  559): [system_server,0,binder:559_1B,185,ActivityManagerService.java,1582,void com.android.server.am.ActivityManagerService$AppDeathRecipient.binderDied(),-,1584,void com.android.server.am.ActivityManagerService$AppDeathRecipient.binderDied(),37]
I/am_proc_died(  559): [0,2930,android.process.media,999,19]
I/am_uid_stopped(  559): 10082
I/am_proc_died(  559): [0,3166,com.android.dynsystem,999,19]
I/am_proc_died(  559): [0,3735,com.google.android.rkpdapp,985,19]
I/am_uid_stopped(  559): 10187
I/dvm_lock_sample(  559): [system_server,0,binder:559_11,278,ActivityManagerService.java,1582,void com.android.server.am.ActivityManagerService$AppDeathRecipient.binderDied(),BroadcastQueueModernImpl.java,295,boolean com.android.server.am.BroadcastQueueModernImpl.lambda$new$0(android.os.Message),55]
I/am_proc_died(  559): [0,1896,com.android.printspooler,999,19]
I/am_uid_stopped(  559): 10107
I/am_pss  (  559): [2051,10130,com.google.android.apps.messaging,64415744,41058304,1440768,199524352,0,19,66]
I/am_proc_died(  559): [0,2155,com.google.android.apps.wallpaper,999,19]
I/am_uid_stopped(  559): 10168
I/am_proc_died(  559): [0,2696,com.android.localtransport,999,19]
I/am_compact(  559): [3852,com.google.android.gms.ui,ANON,146988,103232,42836,14260,-12848,0,-12848,12840,12398,SOME,0,925,19,134532,14384]
I/dvm_lock_sample(  559): [system_server,0,binder:559_1E,3704,ActivityManagerService.java,1582,void com.android.server.am.ActivityManagerService$AppDeathRecipient.binderDied(),,0,null,100]
I/am_proc_died(  559): [0,3489,com.google.android.gm,995,19]
I/dvm_lock_sample(  559): [system_server,1,PowerManagerService,760,PowerManagerService.java,3340,void com.android.server.power.PowerManagerService.handleSandman(int),-,1633,void com.android.server.power.PowerManagerService.acquireWakeLockInternal(android.os.IBinder, int, int, java.lang.String, java.lang.String, android.os.WorkSource, java.lang.String, int, int, android.os.IWakeLockCallback),100]
I/dvm_lock_sample(  559): [system_server,0,main,1245,AlarmManagerService.java,5141,void com.android.server.alarm.AlarmManagerService$AlarmHandler.handleMessage(android.os.Message),-,2004,void com.android.server.alarm.AlarmManagerService$3.doAlarm(android.app.IAlarmCompleteListener),100]
I/dvm_lock_sample(  559): [system_server,0,binder:559_1E,516,PowerManagerService.java,4130,void com.android.server.power.PowerManagerService.uidGoneInternal(int),-,1633,void com.android.server.power.PowerManagerService.acquireWakeLockInternal(android.os.IBinder, int, int, java.lang.String, java.lang.String, android.os.WorkSource, java.lang.String, int, int, android.os.IWakeLockCallback),100]
I/am_uid_stopped(  559): 10145
I/dvm_lock_sample(  559): [system_server,0,binder:559_16,3425,ActivityManagerService.java,1582,void com.android.server.am.ActivityManagerService$AppDeathRecipient.binderDied(),,0,null,100]
I/am_proc_died(  559): [0,3278,com.android.shell,999,19]
I/am_uid_stopped(  559): 2000
I/dvm_lock_sample(  559): [system_server,0,binder:559_B,2961,ActivityManagerService.java,1582,void com.android.server.am.ActivityManagerService$AppDeathRecipient.binderDied(),,0,null,100]
I/am_proc_died(  559): [0,2449,com.android.carrierdefaultapp,999,19]
I/am_uid_stopped(  559): 10112
I/dvm_lock_sample(  559): [system_server,0,binder:559_17,3685,ActivityManagerService.java,1582,void com.android.server.am.ActivityManagerService$AppDeathRecipient.binderDied(),,0,null,100]
I/am_proc_died(  559): [0,2997,com.google.android.onetimeinitializer,999,19]
I/am_uid_stopped(  559): 10125
I/dvm_lock_sample(  559): [system_server,0,binder:559_8,3513,ActivityManagerService.java,1582,void com.android.server.am.ActivityManagerService$AppDeathRecipient.binderDied(),,0,null,100]
I/am_proc_died(  559): [0,3139,com.android.camera2,999,19]
I/am_uid_stopped(  559): 10139
I/dvm_lock_sample(  559): [system_server,0,binder:559_7,3509,ActivityManagerService.java,1582,void com.android.server.am.ActivityManagerService$AppDeathRecipient.binderDied(),,0,null,100]
I/am_proc_died(  559): [0,2641,com.google.android.devicelockcontroller,999,19]
I/am_uid_stopped(  559): 10185
I/dvm_lock_sample(  559): [system_server,0,binder:559_2,2222,ActivityManagerService.java,1582,void com.android.server.am.ActivityManagerService$AppDeathRecipient.binderDied(),,0,null,100]
I/am_proc_died(  559): [0,2573,com.google.android.deskclock,925,19]
I/am_uid_stopped(  559): 10148
I/dvm_lock_sample(  559): [system_server,0,binder:559_18,2262,ActivityManagerService.java,1582,void com.android.server.am.ActivityManagerService$AppDeathRecipient.binderDied(),,0,null,100]
I/am_proc_died(  559): [0,3198,com.android.dynsystem:dynsystem,999,19]
I/dvm_lock_sample(  559): [system_server,1,ActivityManager,6390,BroadcastQueueModernImpl.java,293,boolean com.android.server.am.BroadcastQueueModernImpl.lambda$new$0(android.os.Message),,0,null,100]
I/dvm_lock_sample(  559): [system_server,0,AnrConsumer,1062,AppProfiler.java,2059,void com.android.server.am.AppProfiler.updateCpuStatsNow(),BatteryStatsService.java,1334,void com.android.server.am.BatteryStatsService.lambda$noteStopSensor$33(int, int, long, long),100]
I/dvm_lock_sample(  559): [system_server,0,main,1439,ActivityManagerService.java,15321,int com.android.server.am.ActivityManagerService.broadcastIntentWithFeature(android.app.IApplicationThread, java.lang.String, android.content.Intent, java.lang.String, android.content.IIntentReceiver, int, java.lang.String, android.os.Bundle, java.lang.String[], java.lang.String[], java.lang.String[], int, android.os.Bundle, boolean, boolean, int),,0,null,100]
I/service_manager_slow( 4930): [95,game]
I/am_kill (  559): [0,4645,com.google.android.gms.persistent,0,bg anr]
I/dvm_lock_sample(  559): [system_server,0,binder:559_1E,650,ActivityManagerService.java,1582,void com.android.server.am.ActivityManagerService$AppDeathRecipient.binderDied(),,0,null,100]
I/am_proc_died(  559): [0,2292,com.android.imsserviceentitlement,999,19]
I/am_uid_stopped(  559): 10129
I/dvm_lock_sample(  559): [system_server,0,binder:559_10,949,ActivityManagerService.java,1582,void com.android.server.am.ActivityManagerService$AppDeathRecipient.binderDied(),,0,null,100]
I/am_proc_died(  559): [0,2891,com.android.externalstorage,999,19]
I/am_uid_stopped(  559): 10092
I/dvm_lock_sample(  559): [system_server,1,binder:559_1F,833,ActivityManagerService.java,15321,int com.android.server.am.ActivityManagerService.broadcastIntentWithFeature(android.app.IApplicationThread, java.lang.String, android.content.Intent, java.lang.String, android.content.IIntentReceiver, int, java.lang.String, android.os.Bundle, java.lang.String[], java.lang.String[], java.lang.String[], int, android.os.Bundle, boolean, boolean, int),,0,null,100]
I/dvm_lock_sample(  559): [system_server,1,binder:559_8,476,ActivityManagerService.java,13403,int com.android.server.am.ActivityManagerService.bindServiceInstance(android.app.IApplicationThread, android.os.IBinder, android.content.Intent, java.lang.String, android.app.IServiceConnection, long, java.lang.String, boolean, int, java.lang.String, android.app.IApplicationThread, java.lang.String, int),,0,null,95]
I/dvm_lock_sample(  559): [system_server,0,binder:559_1D,7022,ActivityManagerService.java,1582,void com.android.server.am.ActivityManagerService$AppDeathRecipient.binderDied(),,0,null,100]
I/am_proc_died(  559): [0,1933,com.android.keychain,999,19]
I/am_compact(  559): [1142,com.google.android.cellbroadcastreceiver,ANON,84748,51088,32920,16156,-2740,0,-2740,2716,3096,SOME,0,935,19,118240,21220]
I/dvm_lock_sample(  559): [system_server,0,binder:559_1B,2866,ActivityManagerService.java,1582,void com.android.server.am.ActivityManagerService$AppDeathRecipient.binderDied(),,0,null,100]
I/am_proc_died(  559): [0,3329,com.google.android.configupdater,999,19]
I/am_uid_stopped(  559): 10118
I/dvm_lock_sample(  559): [system_server,0,binder:559_19,2246,ActivityManagerService.java,1582,void com.android.server.am.ActivityManagerService$AppDeathRecipient.binderDied(),,0,null,100]
I/am_proc_died(  559): [0,3258,com.android.providers.calendar,975,19]
I/am_uid_stopped(  559): 10088
I/dvm_lock_sample(  559): [system_server,0,android.fg,520,ActivityManagerService.java,15321,int com.android.server.am.ActivityManagerService.broadcastIntentWithFeature(android.app.IApplicationThread, java.lang.String, android.content.Intent, java.lang.String, android.content.IIntentReceiver, int, java.lang.String, android.os.Bundle, java.lang.String[], java.lang.String[], java.lang.String[], int, android.os.Bundle, boolean, boolean, int),,0,null,100]
I/am_proc_died(  559): [0,2826,com.android.chrome,999,19]
I/am_schedule_service_restart(  559): [0,com.android.chrome/org.chromium.chrome.browser.customtabs.CustomTabsConnectionService,1000]
I/am_uid_stopped(  559): 10146
I/dvm_lock_sample(  559): [system_server,0,binder:559_16,1998,ActivityManagerService.java,1582,void com.android.server.am.ActivityManagerService$AppDeathRecipient.binderDied(),,0,null,100]
I/am_proc_died(  559): [0,1616,com.google.android.apps.youtube.music,995,19]
I/am_uid_stopped(  559): 10155
I/dvm_lock_sample(  559): [system_server,0,binder:559_18,315,ActivityManagerService.java,1582,void com.android.server.am.ActivityManagerService$AppDeathRecipient.binderDied(),,0,null,63]
I/am_proc_died(  559): [0,1656,com.google.android.youtube,985,19]
I/am_uid_stopped(  559): 10156
I/dvm_lock_sample(  559): [system_server,0,batterystats-worker,235,BatteryExternalStatsWorker.java,564,void com.android.server.power.stats.BatteryExternalStatsWorker.updateExternalStatsLocked(java.lang.String, int, boolean, boolean, int, int[], boolean),BatteryStatsService.java,1899,void com.android.server.am.BatteryStatsService.lambda$noteWifiRadioPowerState$64(int, long, int, long, long),47]
I/am_pss  (  559): [1070,10162,com.google.android.apps.nexuslauncher,54444032,29188096,18803712,148398080,0,5,75]
I/am_compact(  559): [2827,com.android.traceur,ANON,79380,45788,32860,15348,-2452,0,-2452,2436,2581,SOME,0,935,19,96748,2636]
I/am_proc_died(  559): [0,4645,com.google.android.gms.persistent,0,5]
I/am_schedule_service_restart(  559): [0,com.google.android.gms/.chimera.PersistentDirectBootAwareApiService,1000]
I/am_schedule_service_restart(  559): [0,com.google.android.gms/.geotimezone.GeoTimeZoneService,11000]
I/am_schedule_service_restart(  559): [0,com.google.android.gms/.gcm.GcmService,585816]
I/am_schedule_service_restart(  559): [0,com.google.android.gms/.location.geocode.GeocodeService,21000]
I/am_schedule_service_restart(  559): [0,com.google.android.gms/.nearby.sharing.ReceiveSurfaceService,31000]
I/am_schedule_service_restart(  559): [0,com.google.android.gms/com.google.android.location.internal.GoogleLocationManagerService,64938]
I/am_schedule_service_restart(  559): [0,com.google.android.gms/.common.stats.GmsCoreStatsService,74938]
I/am_schedule_service_restart(  559): [0,com.google.android.gms/.gcm.nts.SchedulerService,84938]
I/am_schedule_service_restart(  559): [0,com.google.android.gms/.fido.fido2.pollux.CableAuthenticatorService,94938]
I/am_schedule_service_restart(  559): [0,com.google.android.gms/com.google.android.location.fused.FusedLocationService,104938]
I/am_schedule_service_restart(  559): [0,com.google.android.gms/.thunderbird.EmergencyPersistentService,114938]
I/am_schedule_service_restart(  559): [0,com.google.android.gms/.chimera.PersistentApiService,124938]
I/am_schedule_service_restart(  559): [0,com.google.android.gms/com.google.android.location.internal.server.GoogleLocationService,134938]
I/am_schedule_service_restart(  559): [0,com.google.android.gms/.auth.setup.devicesignals.LockScreenService,144937]
I/am_schedule_service_restart(  559): [0,com.google.android.gms/.nearby.exposurenotification.service.ExposureMatchingService,154937]
I/am_schedule_service_restart(  559): [0,com.google.android.gms/.chimera.PersistentIntentOperationService,691344]
I/am_schedule_service_restart(  559): [0,com.google.android.gms/.location.persistent.LocationPersistentService,164937]
I/am_schedule_service_restart(  559): [0,com.google.android.gms/.clearcut.debug.ClearcutDebugDumpService,174937]
I/am_schedule_service_restart(  559): [0,com.google.android.gms/com.google.android.location.network.NetworkLocationService,184937]
I/am_schedule_service_restart(  559): [0,com.google.android.gms/.chimera.PersistentBoundBrokerService,194937]
I/am_schedule_service_restart(  559): [0,com.google.android.gms/com.google.android.contextmanager.service.ContextManagerService,204937]
I/am_schedule_service_restart(  559): [0,com.google.android.gms/.fido.authenticator.service.AuthenticatorService,214937]
I/am_schedule_service_restart(  559): [0,com.google.android.gms/.deviceconnection.service.DeviceConnectionWatcherService,224937]
I/am_schedule_service_restart(  559): [0,com.google.android.gms/com.google.android.location.internal.server.HardwareArProviderService,234937]
I/am_kill (  559): [0,2063,com.google.android.as.oss,985,empty #17]
I/am_kill (  559): [0,3651,com.google.android.partnersetup,985,empty #18]
I/dvm_lock_sample(  559): [system_server,1,ActivityManager,250,BroadcastQueueModernImpl.java,293,boolean com.android.server.am.BroadcastQueueModernImpl.lambda$new$0(android.os.Message),ActivityManagerService.java,1584,void com.android.server.am.ActivityManagerService$AppDeathRecipient.binderDied(),50]
I/dvm_lock_sample(  559): [system_server,1,binder:559_19,127,ActivityManagerService.java,13403,int com.android.server.am.ActivityManagerService.bindServiceInstance(android.app.IApplicationThread, android.os.IBinder, android.content.Intent, java.lang.String, android.app.IServiceConnection, long, java.lang.String, boolean, int, java.lang.String, android.app.IApplicationThread, java.lang.String, int),-,1584,void com.android.server.am.ActivityManagerService$AppDeathRecipient.binderDied(),25]
I/dvm_lock_sample(  559): [system_server,0,BackgroundInstallControlService,367,MessageQueue.java,337,android.os.Message android.os.MessageQueue.next(),-,600,boolean android.os.MessageQueue.enqueueMessage(android.os.Message, long),73]
I/am_proc_died(  559): [0,2063,com.google.android.as.oss,985,19]
I/am_uid_stopped(  559): 10126
I/am_compact(  559): [3829,com.android.emergency,ANON,80040,45808,33496,14660,-3080,0,-3080,3056,1446,SOME,0,945,19,94112,3808]
I/am_unfreeze(  559): [3708,com.google.android.projection.gearhead:shared,6]
I/am_freeze(  559): [4065,com.google.android.gms.unstable]
I/am_freeze(  559): [3708,com.google.android.projection.gearhead:shared]
I/am_proc_died(  559): [0,3651,com.google.android.partnersetup,985,19]
I/am_uid_stopped(  559): 10120
I/am_freeze(  559): [1353,com.google.android.permissioncontroller]
I/am_unfreeze(  559): [1911,com.google.process.gapps,7]
I/am_unfreeze(  559): [1695,com.google.android.settings.intelligence,6]
I/am_freeze(  559): [2051,com.google.android.apps.messaging]
I/am_freeze(  559): [1695,com.google.android.settings.intelligence]
I/am_proc_start(  559): [0,4987,10127,com.google.android.gms.persistent,broadcast,{com.google.android.gms/com.google.android.gms.chimera.GmsIntentOperationService$PersistentTrustedReceiver}]
I/am_pss  (  559): [958,1000,com.android.settings,44073984,17842176,16591872,147832832,0,19,161]
I/am_pss  (  559): [1142,10176,com.google.android.cellbroadcastreceiver,9655296,2064384,4910080,85135360,0,19,67]
I/am_pss  (  559): [2827,10103,com.android.traceur,7445504,1441792,3727360,79519744,0,19,35]
I/service_manager_slow( 4987): [104,activity]
I/am_proc_bound(  559): [0,4987,com.google.android.gms.persistent]
I/dvm_lock_sample(  559): [system_server,1,OomAdjuster,77,Message.java,340,void android.os.Message.recycleUnchecked(),-,161,android.os.Message android.os.Message.obtain(),15]
I/dvm_lock_sample(  559): [system_server,1,binder:559_19,173,ContentProviderHelper.java,174,android.app.ContentProviderHolder com.android.server.am.ContentProviderHelper.getContentProviderImpl(android.app.IApplicationThread, java.lang.String, android.os.IBinder, int, java.lang.String, java.lang.String, boolean, int),ActiveServices.java,4086,void com.android.server.am.ActiveServices$ServiceRestarter.run(),34]
I/am_proc_died(  559): [0,2468,com.google.android.tts,999,19]
I/am_uid_stopped(  559): 10149
I/am_schedule_service_restart(  559): [0,com.google.android.gms/.chimera.GmsIntentOperationService,40656]
I/dvm_lock_sample(  559): [system_server,0,binder:559_2,740,ActivityManagerService.java,13459,void com.android.server.am.ActivityManagerService.serviceDoneExecuting(android.os.IBinder, int, int, int),ActiveServices.java,4086,void com.android.server.am.ActiveServices$ServiceRestarter.run(),100]
I/am_pss  (  559): [2051,10130,com.google.android.apps.messaging,66678784,41009152,1507328,199462912,0,19,380]
I/am_pss  (  559): [4930,10132,com.google.android.googlequicksearchbox:search,56665088,32096256,691200,168914944,0,10,87]
I/am_compact(  559): [4065,com.google.android.gms.unstable,ANON,161028,115560,44552,14144,-15220,0,-15220,15180,3938,SOME,0,935,19,88040,2096]
I/dvm_lock_sample(  559): [system_server,1,binder:559_1B,86,BinderCallsStats.java,304,void com.android.internal.os.BinderCallsStats.processCallEnded(com.android.internal.os.BinderInternal$CallSession, int, int, int),-,358,void com.android.internal.os.BinderCallsStats.processCallEnded(com.android.internal.os.BinderInternal$CallSession, int, int, int),17]
I/service_manager_slow(  559): [29,time_detector]
I/am_compact(  559): [3708,com.google.android.projection.gearhead:shared,ANON,83828,49152,33864,14572,-3504,0,-3504,3464,1010,SOME,0,925,19,85944,-232]
I/am_compact(  559): [1353,com.google.android.permissioncontroller,ANON,126044,87540,37728,15160,-8636,0,-8636,8468,1777,SOME,0,925,19,86176,-764]
I/dvm_lock_sample( 4987): [com.google.android.gms.persisten,0,pool-6-thread-1,222,:com.google.android.gms@231818044@23.18.18 (190400-535401451),2,java.lang.Object cvep.n(cveo),-,14,java.lang.Object cvep.n(cveo),44]
I/dvm_lock_sample( 4987): [com.google.android.gms.persisten,0,Producer Thread #2,262,:com.google.android.gms@231818044@23.18.18 (190400-535401451),2,java.lang.Object cvep.n(cveo),-,14,java.lang.Object cvep.n(cveo),52]
I/dvm_lock_sample( 4987): [com.google.android.gms.persisten,0,Producer Thread #0,232,:com.google.android.gms@231818044@23.18.18 (190400-535401451),2,java.lang.Object cvep.n(cveo),-,14,java.lang.Object cvep.n(cveo),46]
I/dvm_lock_sample( 4987): [com.google.android.gms.persisten,1,main,173,:com.google.android.gms@231818044@23.18.18 (190400-535401451),2,java.lang.Object cvep.n(cveo),-,14,java.lang.Object cvep.n(cveo),34]
I/dvm_lock_sample(  559): [system_server,1,binder:559_20,362,ActivityManagerService.java,13787,android.content.Intent com.android.server.am.ActivityManagerService.registerReceiverWithFeature(android.app.IApplicationThread, java.lang.String, java.lang.String, java.lang.String, android.content.IIntentReceiver, android.content.IntentFilter, java.lang.String, int, int),ContentProviderHelper.java,614,android.app.ContentProviderHolder com.android.server.am.ContentProviderHelper.getContentProviderImpl(android.app.IApplicationThread, java.lang.String, android.os.IBinder, int, java.lang.String, java.lang.String, boolean, int),72]
I/dvm_lock_sample(  559): [system_server,1,binder:559_15,186,ActivityManagerService.java,13787,android.content.Intent com.android.server.am.ActivityManagerService.registerReceiverWithFeature(android.app.IApplicationThread, java.lang.String, java.lang.String, java.lang.String, android.content.IIntentReceiver, android.content.IntentFilter, java.lang.String, int, int),ContentProviderHelper.java,614,android.app.ContentProviderHolder com.android.server.am.ContentProviderHelper.getContentProviderImpl(android.app.IApplicationThread, java.lang.String, android.os.IBinder, int, java.lang.String, java.lang.String, boolean, int),37]
I/dvm_lock_sample( 4930): [com.google.android.googlequickse,0,Primes-1,329,PG,7,com.google.android.libraries.phenotype.client.stable.aa com.google.android.libraries.phenotype.client.stable.j.a(com.google.android.libraries.phenotype.client.t, java.lang.String),-,10,com.google.android.libraries.phenotype.client.stable.aa com.google.android.libraries.phenotype.client.stable.j.a(com.google.android.libraries.phenotype.client.t, java.lang.String),65]
I/dvm_lock_sample( 4930): [com.google.android.googlequickse,1,Lite Thread #0,98,AssetManager.java,549,boolean android.content.res.AssetManager.getResourceValue(int, int, android.util.TypedValue, boolean),-,952,java.lang.String[] android.content.res.AssetManager.list(java.lang.String),19]
I/dvm_lock_sample( 4930): [com.google.android.googlequickse,0,Primes-2,452,PG,19,java.lang.Object com.google.android.libraries.phenotype.client.stable.bj.c(com.google.android.libraries.phenotype.client.t),-,21,java.lang.Object com.google.android.libraries.phenotype.client.stable.bj.c(com.google.android.libraries.phenotype.client.t),90]
I/dvm_lock_sample( 4987): [com.google.android.gms.persisten,1,main,90,:com.google.android.gms@231818044@23.18.18 (190400-535401451),1,cvdh cvdh.a(android.content.ContentResolver, android.net.Uri, java.lang.Runnable),-,3,cvdh cvdh.a(android.content.ContentResolver, android.net.Uri, java.lang.Runnable),18]
I/dvm_lock_sample( 4987): [com.google.android.gms.persisten,1,binder:4987_3,130,:com.google.android.gms@231818044@23.18.18 (190400-535401451),0,dlqt acea.d(java.lang.Runnable),-,0,dlqt acea.d(java.lang.Runnable),26]
I/dvm_lock_sample( 4930): [com.google.android.googlequickse,0,Blocking Thread #2,1848,PG,1,java.util.Map com.google.android.libraries.phenotype.client.stable.aj.a(android.content.Context),-,14,java.util.Map com.google.android.libraries.phenotype.client.stable.aj.a(android.content.Context),100]
I/dvm_lock_sample( 4930): [com.google.android.googlequickse,0,Blocking Thread #4,1703,PG,1,java.util.Map com.google.android.libraries.phenotype.client.stable.aj.a(android.content.Context),-,14,java.util.Map com.google.android.libraries.phenotype.client.stable.aj.a(android.content.Context),100]
I/dvm_lock_sample( 4930): [com.google.android.googlequickse,0,Blocking Thread #5,1458,PG,1,java.util.Map com.google.android.libraries.phenotype.client.stable.aj.a(android.content.Context),-,14,java.util.Map com.google.android.libraries.phenotype.client.stable.aj.a(android.content.Context),100]
I/dvm_lock_sample( 4930): [com.google.android.googlequickse,0,Blocking Thread #6,1434,PG,1,java.util.Map com.google.android.libraries.phenotype.client.stable.aj.a(android.content.Context),-,14,java.util.Map com.google.android.libraries.phenotype.client.stable.aj.a(android.content.Context),100]
I/dvm_lock_sample( 4930): [com.google.android.googlequickse,0,Blocking Thread #8,1247,PG,1,java.util.Map com.google.android.libraries.phenotype.client.stable.aj.a(android.content.Context),-,14,java.util.Map com.google.android.libraries.phenotype.client.stable.aj.a(android.content.Context),100]
I/dvm_lock_sample( 4930): [com.google.android.googlequickse,0,Blocking Thread #7,1078,PG,1,java.util.Map com.google.android.libraries.phenotype.client.stable.aj.a(android.content.Context),-,14,java.util.Map com.google.android.libraries.phenotype.client.stable.aj.a(android.content.Context),100]
I/dvm_lock_sample( 4930): [com.google.android.googlequickse,0,Blocking Thread #9,465,PG,1,java.util.Map com.google.android.libraries.phenotype.client.stable.aj.a(android.content.Context),-,14,java.util.Map com.google.android.libraries.phenotype.client.stable.aj.a(android.content.Context),93]
I/am_compact(  559): [2051,com.google.android.apps.messaging,ANON,192624,138076,53072,15060,-24204,0,-24204,24004,4181,SOME,0,915,19,86940,-6316]
I/am_freeze(  559): [1911,com.google.process.gapps]
I/dvm_lock_sample( 4987): [com.google.android.gms.persisten,1,binder:4987_3,1376,SQLiteOpenHelper.java,315,android.database.sqlite.SQLiteDatabase android.database.sqlite.SQLiteOpenHelper.getWritableDatabase(),-,316,android.database.sqlite.SQLiteDatabase android.database.sqlite.SQLiteOpenHelper.getWritableDatabase(),100]
I/dvm_lock_sample( 4987): [com.google.android.gms.persisten,0,GoogleApiHandler,2285,:com.google.android.gms@231818044@23.18.18 (190400-535401451),1,java.util.Map cvdh.c(),-,6,java.util.Map cvdh.c(),100]
I/am_pss  (  559): [1432,10121,com.google.android.apps.wellbeing,63185920,44974080,1396736,181362688,0,19,133]
I/service_manager_slow( 4987): [140,virtualdevice]
I/dvm_lock_sample( 4987): [com.google.android.gms.persisten,1,binder:4987_4,106,:com.google.android.gms@231818044@23.18.18 (190400-535401451),1,abet abet.b(dhcc),-,3,abet abet.b(dhcc),21]
I/am_proc_start(  559): [0,5088,10127,com.google.android.gms,service,{com.google.android.gms/com.google.android.gms.chimera.GmsIntentOperationService}]
I/dvm_lock_sample(  559): [system_server,1,binder:559_1E,136,ActivityManagerService.java,4809,void com.android.server.am.ActivityManagerService.attachApplication(android.app.IApplicationThread, long),,0,null,27]
I/am_proc_bound(  559): [0,5088,com.google.android.gms]
I/dvm_lock_sample( 4930): [com.google.android.googlequickse,1,main,2085,PG,1,void com.google.android.gms.common.internal.ah.onServiceConnected(android.content.ComponentName, android.os.IBinder),-,13,boolean com.google.android.gms.common.internal.aj.b(com.google.android.gms.common.internal.af, android.content.ServiceConnection, java.lang.String, java.util.concurrent.Executor),100]
I/dvm_lock_sample(  559): [system_server,1,binder:559_5,312,ActivityManagerService.java,13403,int com.android.server.am.ActivityManagerService.bindServiceInstance(android.app.IApplicationThread, android.os.IBinder, android.content.Intent, java.lang.String, android.app.IServiceConnection, long, java.lang.String, boolean, int, java.lang.String, android.app.IApplicationThread, java.lang.String, int),,0,null,62]
I/dvm_lock_sample(  559): [system_server,0,binder:559_4,283,ContentProviderHelper.java,811,void com.android.server.am.ContentProviderHelper.removeContentProvider(android.os.IBinder, boolean),ActivityManagerService.java,4940,void com.android.server.am.ActivityManagerService.finishAttachApplicationInner(long, int, int),56]
I/dvm_lock_sample(  559): [system_server,1,ActivityManager,269,BroadcastQueueModernImpl.java,293,boolean com.android.server.am.BroadcastQueueModernImpl.lambda$new$0(android.os.Message),,0,null,53]
I/service_manager_slow( 4930): [183,trust]
I/dvm_lock_sample( 4930): [com.google.android.googlequickse,1,BG Thread #2,3800,PG,1,java.lang.Object dagger.a.e.b(),-,2,java.lang.Object dagger.a.e.b(),100]
I/commit_sys_config_file(  559): [notification-policy,636296]
I/dvm_lock_sample(  559): [system_server,1,binder:559_14,104,BinderProxy.java,448,android.os.BinderProxy android.os.BinderProxy.getInstance(long, long),-,464,android.os.BinderProxy android.os.BinderProxy.getInstance(long, long),20]
I/dvm_lock_sample( 4930): [com.google.android.googlequickse,1,Lite Thread #0,199,PG,1,java.lang.Object dagger.a.e.b(),-,2,java.lang.Object dagger.a.e.b(),39]
I/service_manager_slow( 4930): [495,uimode]
I/dvm_lock_sample(  559): [system_server,0,appscheduling.default,58,ConnectivityController.java,1526,void com.android.server.job.controllers.ConnectivityController$CcHandler.handleMessage(android.os.Message),JobSchedulerService.java,3113,void com.android.server.job.JobSchedulerService.onControllerStateChanged(android.util.ArraySet),11]
I/dvm_lock_sample( 4930): [com.google.android.googlequickse,1,Lite Thread #0,1028,PG,1,java.lang.Object dagger.a.e.b(),-,2,java.lang.Object dagger.a.e.b(),100]
I/service_manager_slow( 4987): [583,thermalservice]
I/am_freeze(  559): [1432,com.google.android.apps.wellbeing]
I/dvm_lock_sample(  559): [system_server,0,appscheduling.default,606,ConnectivityController.java,1526,void com.android.server.job.controllers.ConnectivityController$CcHandler.handleMessage(android.os.Message),JobSchedulerService.java,3113,void com.android.server.job.JobSchedulerService.onControllerStateChanged(android.util.ArraySet),100]
I/am_pss  (  559): [4987,10127,com.google.android.gms.persistent,34394112,20987904,598016,156717056,0,5,39]
I/service_manager_slow( 5088): [66,virtualdevice]
I/am_pss  (  559): [4930,10132,com.google.android.googlequicksearchbox:search,64157696,46845952,378880,165359616,0,10,204]
I/service_manager_slow( 4987): [90,thermalservice]
I/dvm_lock_sample(  788): [com.android.systemui,0,SysUiBg,3895,MessageQueue.java,337,android.os.Message android.os.MessageQueue.next(),-,600,boolean android.os.MessageQueue.enqueueMessage(android.os.Message, long),100]
I/service_manager_slow( 4987): [150,usagestats]
I/dvm_lock_sample(  559): [system_server,1,binder:559_14,383,ActivityManagerService.java,13787,android.content.Intent com.android.server.am.ActivityManagerService.registerReceiverWithFeature(android.app.IApplicationThread, java.lang.String, java.lang.String, java.lang.String, android.content.IIntentReceiver, android.content.IntentFilter, java.lang.String, int, int),-,13465,void com.android.server.am.ActivityManagerService.serviceDoneExecuting(android.os.IBinder, int, int, int),76]
I/dvm_lock_sample(  559): [system_server,1,ActivityManager,4859,BroadcastQueueModernImpl.java,293,boolean com.android.server.am.BroadcastQueueModernImpl.lambda$new$0(android.os.Message),ActivityManagerService.java,13465,void com.android.server.am.ActivityManagerService.serviceDoneExecuting(android.os.IBinder, int, int, int),100]
I/service_manager_slow( 4987): [548,thermalservice]
I/dvm_lock_sample(  559): [system_server,0,android.bg,989,ContentProviderHelper.java,1495,void com.android.server.am.ContentProviderHelper.handleProviderRemoval(com.android.server.am.ContentProviderConnection, boolean, boolean),,0,null,100]
I/dvm_lock_sample(  559): [system_server,1,ActivityManager,39,MessageQueue.java,337,android.os.Message android.os.MessageQueue.next(),-,600,boolean android.os.MessageQueue.enqueueMessage(android.os.Message, long),7]
I/dvm_lock_sample(  559): [system_server,0,batterystats-handler,208,MessageQueue.java,337,android.os.Message android.os.MessageQueue.next(),-,600,boolean android.os.MessageQueue.enqueueMessage(android.os.Message, long),41]
I/dvm_lock_sample(  559): [system_server,1,ActivityManager,250,BroadcastQueueModernImpl.java,293,boolean com.android.server.am.BroadcastQueueModernImpl.lambda$new$0(android.os.Message),ActivityManagerService.java,13404,int com.android.server.am.ActivityManagerService.bindServiceInstance(android.app.IApplicationThread, android.os.IBinder, android.content.Intent, java.lang.String, android.app.IServiceConnection, long, java.lang.String, boolean, int, java.lang.String, android.app.IApplicationThread, java.lang.String, int),50]
I/dvm_lock_sample( 4930): [com.google.android.googlequickse,1,Lite Thread #0,185,PG,1,java.lang.Object dagger.a.e.b(),-,2,java.lang.Object dagger.a.e.b(),37]
I/dvm_lock_sample( 1536): [com.google.android.googlequickse,0,GoogleApiHandler,298,PG,1,boolean com.google.android.gms.common.internal.aj.b(com.google.android.gms.common.internal.af, android.content.ServiceConnection, java.lang.String, java.util.concurrent.Executor),-,14,boolean com.google.android.gms.common.internal.ai.handleMessage(android.os.Message),59]
I/dvm_lock_sample( 4987): [com.google.android.gms.persisten,1,main,318,SQLiteConnectionPool.java,708,android.database.sqlite.SQLiteConnection android.database.sqlite.SQLiteConnectionPool.waitForConnection(java.lang.String, int, android.os.CancellationSignal),-,794,android.database.sqlite.SQLiteConnection android.database.sqlite.SQLiteConnectionPool.waitForConnection(java.lang.String, int, android.os.CancellationSignal),63]
I/dvm_lock_sample( 4987): [com.google.android.gms.persisten,0,highpool[3],351,SQLiteConnectionPool.java,708,android.database.sqlite.SQLiteConnection android.database.sqlite.SQLiteConnectionPool.waitForConnection(java.lang.String, int, android.os.CancellationSignal),-,794,android.database.sqlite.SQLiteConnection android.database.sqlite.SQLiteConnectionPool.waitForConnection(java.lang.String, int, android.os.CancellationSignal),70]
I/am_compact(  559): [1432,com.google.android.apps.wellbeing,ANON,168388,120420,46700,14960,-17144,0,-17144,17008,12443,SOME,0,1001,19,93256,-4920]
I/dvm_lock_sample(  559): [system_server,1,PowerManagerService,258,PowerManagerService.java,3340,void com.android.server.power.PowerManagerService.handleSandman(int),-,1768,void com.android.server.power.PowerManagerService.releaseWakeLockInternal(android.os.IBinder, int),51]
I/am_unfreeze(  559): [1911,com.google.process.gapps,7]
I/dvm_lock_sample(  559): [system_server,1,binder:559_1E,5,AppOpsService.java,3793,com.android.server.appop.AppOpsService$PackageVerificationResult com.android.server.appop.AppOpsService.verifyAndGetBypass(int, java.lang.String, java.lang.String, java.lang.String, boolean),-,2439,int com.android.server.appop.AppOpsService.checkOperationUnchecked(int, int, java.lang.String, java.lang.String, boolean),1]
I/dvm_lock_sample( 5088): [com.google.android.gms,1,main,7832,:com.google.android.gms@231818044@23.18.18 (190400-535401451),1,java.util.Map cvdh.c(),-,6,java.util.Map cvdh.c(),100]
I/am_pss  (  559): [1432,10121,com.google.android.apps.wellbeing,58206208,24682496,18802688,156696576,0,19,41]
I/dvm_lock_sample( 1536): [com.google.android.googlequickse,1,Lite Thread #1,632,SharedPreferencesImpl.java,343,boolean android.app.SharedPreferencesImpl.getBoolean(java.lang.String, boolean),-,346,boolean android.app.SharedPreferencesImpl.getBoolean(java.lang.String, boolean),100]
I/service_manager_slow( 5088): [107,thermalservice]
I/dvm_lock_sample( 5088): [com.google.android.gms,0,[com.google.android.gms.chimera.container.intentoperation.GmsIntentOperationChimeraService-Executor] operation loader,228,:com.google.android.gms@231818044@23.18.18 (190400-535401451),1,cvdh cvdh.a(android.content.ContentResolver, android.net.Uri, java.lang.Runnable),,0,null,45]
I/dvm_lock_sample( 5088): [com.google.android.gms,1,main,485,:com.google.android.gms@231818044@23.18.18 (190400-535401451),1,cvdh cvdh.a(android.content.ContentResolver, android.net.Uri, java.lang.Runnable),,0,null,97]
I/dvm_lock_sample( 5088): [com.google.android.gms,0,lowpool[3],225,:com.google.android.gms@231818044@23.18.18 (190400-535401451),1,cvdh cvdh.a(android.content.ContentResolver, android.net.Uri, java.lang.Runnable),-,3,cvdh cvdh.a(android.content.ContentResolver, android.net.Uri, java.lang.Runnable),45]
I/dvm_lock_sample(  559): [system_server,0,watchdog.monitor,97,Watchdog.java,342,void com.android.server.Watchdog$HandlerChecker.run(),Object.java,-2,void java.lang.Object.wait(long, int),19]
I/dvm_lock_sample(  559): [system_server,1,binder:559_14,818,ActivityManagerService.java,5662,int com.android.server.am.ActivityManagerService.getUidState(int),OomAdjuster.java,609,boolean com.android.server.am.OomAdjuster.updateOomAdjLocked(com.android.server.am.ProcessRecord, int),100]
I/dvm_lock_sample(  559): [system_server,1,binder:559_4,429,ActivityManagerService.java,5662,int com.android.server.am.ActivityManagerService.getUidState(int),OomAdjuster.java,609,boolean com.android.server.am.OomAdjuster.updateOomAdjLocked(com.android.server.am.ProcessRecord, int),85]
I/dvm_lock_sample(  559): [system_server,1,binder:559_B,1241,ActivityManagerService.java,5527,java.lang.String com.android.server.am.ActivityManagerService.getTagForIntentSender(android.content.IIntentSender, java.lang.String),-,13404,int com.android.server.am.ActivityManagerService.bindServiceInstance(android.app.IApplicationThread, android.os.IBinder, android.content.Intent, java.lang.String, android.app.IServiceConnection, long, java.lang.String, boolean, int, java.lang.String, android.app.IApplicationThread, java.lang.String, int),100]
I/dvm_lock_sample(  559): [system_server,1,binder:559_15,895,ActivityManagerService.java,13787,android.content.Intent com.android.server.am.ActivityManagerService.registerReceiverWithFeature(android.app.IApplicationThread, java.lang.String, java.lang.String, java.lang.String, android.content.IIntentReceiver, android.content.IntentFilter, java.lang.String, int, int),-,13404,int com.android.server.am.ActivityManagerService.bindServiceInstance(android.app.IApplicationThread, android.os.IBinder, android.content.Intent, java.lang.String, android.app.IServiceConnection, long, java.lang.String, boolean, int, java.lang.String, android.app.IApplicationThread, java.lang.String, int),100]
I/dvm_lock_sample(  559): [system_server,1,ActivityManager,864,BroadcastQueueModernImpl.java,293,boolean com.android.server.am.BroadcastQueueModernImpl.lambda$new$0(android.os.Message),ActivityManagerService.java,13404,int com.android.server.am.ActivityManagerService.bindServiceInstance(android.app.IApplicationThread, android.os.IBinder, android.content.Intent, java.lang.String, android.app.IServiceConnection, long, java.lang.String, boolean, int, java.lang.String, android.app.IApplicationThread, java.lang.String, int),100]
I/dvm_lock_sample(  559): [system_server,0,watchdog.monitor,950,ActivityManagerService.java,17019,void com.android.server.am.ActivityManagerService.monitor(),-,13404,int com.android.server.am.ActivityManagerService.bindServiceInstance(android.app.IApplicationThread, android.os.IBinder, android.content.Intent, java.lang.String, android.app.IServiceConnection, long, java.lang.String, boolean, int, java.lang.String, android.app.IApplicationThread, java.lang.String, int),100]
I/dvm_lock_sample(  559): [system_server,1,binder:559_20,881,ActivityManagerService.java,13189,android.content.ComponentName com.android.server.am.ActivityManagerService.startService(android.app.IApplicationThread, android.content.Intent, java.lang.String, boolean, java.lang.String, java.lang.String, int, boolean, int, java.lang.String, java.lang.String),-,13404,int com.android.server.am.ActivityManagerService.bindServiceInstance(android.app.IApplicationThread, android.os.IBinder, android.content.Intent, java.lang.String, android.app.IServiceConnection, long, java.lang.String, boolean, int, java.lang.String, android.app.IApplicationThread, java.lang.String, int),100]
I/dvm_lock_sample(  559): [system_server,1,binder:559_1E,1420,AlarmManagerService.java,2351,void com.android.server.alarm.AlarmManagerService.setImpl(int, long, long, long, android.app.PendingIntent, android.app.IAlarmListener, java.lang.String, int, android.os.WorkSource, android.app.AlarmManager$AlarmClockInfo, int, java.lang.String, android.os.Bundle, int),-,2373,void com.android.server.alarm.AlarmManagerService.setImpl(int, long, long, long, android.app.PendingIntent, android.app.IAlarmListener, java.lang.String, int, android.os.WorkSource, android.app.AlarmManager$AlarmClockInfo, int, java.lang.String, android.os.Bundle, int),100]
I/dvm_lock_sample(  559): [system_server,1,binder:559_5,1157,ActivityManagerService.java,13403,int com.android.server.am.ActivityManagerService.bindServiceInstance(android.app.IApplicationThread, android.os.IBinder, android.content.Intent, java.lang.String, android.app.IServiceConnection, long, java.lang.String, boolean, int, java.lang.String, android.app.IApplicationThread, java.lang.String, int),,0,null,100]
I/dvm_lock_sample(  559): [system_server,1,binder:559_B,199,ActivityManagerService.java,18135,android.content.ComponentName com.android.server.am.ActivityManagerService$LocalService.startServiceInPackage(int, android.content.Intent, java.lang.String, boolean, java.lang.String, java.lang.String, int, android.app.BackgroundStartPrivileges),-,13195,android.content.ComponentName com.android.server.am.ActivityManagerService.startService(android.app.IApplicationThread, android.content.Intent, java.lang.String, boolean, java.lang.String, java.lang.String, int, boolean, int, java.lang.String, java.lang.String),39]
I/dvm_lock_sample(  559): [system_server,1,binder:559_1E,222,ActivityManagerService.java,5527,java.lang.String com.android.server.am.ActivityManagerService.getTagForIntentSender(android.content.IIntentSender, java.lang.String),-,13195,android.content.ComponentName com.android.server.am.ActivityManagerService.startService(android.app.IApplicationThread, android.content.Intent, java.lang.String, boolean, java.lang.String, java.lang.String, int, boolean, int, java.lang.String, java.lang.String),44]
I/dvm_lock_sample(  559): [system_server,1,binder:559_1B,200,ActivityManagerService.java,13403,int com.android.server.am.ActivityManagerService.bindServiceInstance(android.app.IApplicationThread, android.os.IBinder, android.content.Intent, java.lang.String, android.app.IServiceConnection, long, java.lang.String, boolean, int, java.lang.String, android.app.IApplicationThread, java.lang.String, int),-,13195,android.content.ComponentName com.android.server.am.ActivityManagerService.startService(android.app.IApplicationThread, android.content.Intent, java.lang.String, boolean, java.lang.String, java.lang.String, int, boolean, int, java.lang.String, java.lang.String),40]
I/dvm_lock_sample(  559): [system_server,1,binder:559_14,279,ActivityManagerService.java,13787,android.content.Intent com.android.server.am.ActivityManagerService.registerReceiverWithFeature(android.app.IApplicationThread, java.lang.String, java.lang.String, java.lang.String, android.content.IIntentReceiver, android.content.IntentFilter, java.lang.String, int, int),,0,null,55]
I/dvm_lock_sample(  559): [system_server,1,ActivityManager,280,BroadcastQueueModernImpl.java,293,boolean com.android.server.am.BroadcastQueueModernImpl.lambda$new$0(android.os.Message),,0,null,56]
I/service_manager_slow( 5088): [461,virtualdevice]
I/service_manager_slow( 4930): [1528,virtualdevice]
I/service_manager_slow( 4987): [677,location]
I/dvm_lock_sample(  559): [system_server,1,binder:559_5,114,ContentProviderHelper.java,174,android.app.ContentProviderHolder com.android.server.am.ContentProviderHelper.getContentProviderImpl(android.app.IApplicationThread, java.lang.String, android.os.IBinder, int, java.lang.String, java.lang.String, boolean, int),BroadcastQueueModernImpl.java,551,void com.android.server.am.BroadcastQueueModernImpl.checkPendingColdStartValidity(),22]
I/am_anr  (  559): [0,4987,com.google.android.gms.persistent,-1597325755,executing service com.google.android.gms/.chimera.PersistentDirectBootAwareApiService]
I/dvm_lock_sample( 5088): [com.google.android.gms,1,main,3126,:com.google.android.gms@231818044@23.18.18 (190400-535401451),1,java.util.Map cvdh.c(),-,6,java.util.Map cvdh.c(),100]
I/dvm_lock_sample( 5088): [com.google.android.gms,0,[com.google.android.gms.chimera.container.intentoperation.GmsIntentOperationChimeraService-Executor] processing com.google.android.gms.icing.proxy.UpdateIcingCorporaIntentOperation for action com.google.android.gms.icing.proxy.ACTION_UPDATE,583,:com.google.android.gms@231818044@23.18.18 (190400-535401451),1,java.util.Map cvdh.c(),-,6,java.util.Map cvdh.c(),100]
I/dvm_lock_sample( 5088): [com.google.android.gms,0,lowpool[3],531,:com.google.android.gms@231818044@23.18.18 (190400-535401451),1,java.util.Map cvdh.c(),-,6,java.util.Map cvdh.c(),100]
I/dvm_lock_sample(  559): [system_server,0,binder:559_1B,121,ActivityManagerService.java,13459,void com.android.server.am.ActivityManagerService.serviceDoneExecuting(android.os.IBinder, int, int, int),-,13404,int com.android.server.am.ActivityManagerService.bindServiceInstance(android.app.IApplicationThread, android.os.IBinder, android.content.Intent, java.lang.String, android.app.IServiceConnection, long, java.lang.String, boolean, int, java.lang.String, android.app.IApplicationThread, java.lang.String, int),24]
I/dvm_lock_sample( 4930): [com.google.android.googlequickse,1,binder:4930_4,432,PG,-1,com.google.android.apps.gsa.y.a.d com.google.android.apps.gsa.y.a.a.i(com.google.android.apps.gsa.u.b, com.google.android.apps.gsa.u.h, com.google.android.apps.gsa.u.h, int),-,5,com.google.android.apps.gsa.y.a.d com.google.android.apps.gsa.y.a.a.i(com.google.android.apps.gsa.u.b, com.google.android.apps.gsa.u.h, com.google.android.apps.gsa.u.h, int),86]
I/dvm_lock_sample( 4930): [com.google.android.googlequickse,1,main,393,PG,-1,com.google.android.apps.gsa.y.a.d com.google.android.apps.gsa.y.a.a.i(com.google.android.apps.gsa.u.b, com.google.android.apps.gsa.u.h, com.google.android.apps.gsa.u.h, int),-,5,com.google.android.apps.gsa.y.a.d com.google.android.apps.gsa.y.a.a.i(com.google.android.apps.gsa.u.b, com.google.android.apps.gsa.u.h, com.google.android.apps.gsa.u.h, int),78]
I/am_pss  (  559): [4987,10127,com.google.android.gms.persistent,35806208,25051136,295936,134369280,0,5,109]
I/service_manager_slow( 4930): [151,wifi]
I/dvm_lock_sample(  559): [system_server,0,binder:559_B,175,ActivityManagerService.java,13459,void com.android.server.am.ActivityManagerService.serviceDoneExecuting(android.os.IBinder, int, int, int),ContentProviderHelper.java,614,android.app.ContentProviderHolder com.android.server.am.ContentProviderHelper.getContentProviderImpl(android.app.IApplicationThread, java.lang.String, android.os.IBinder, int, java.lang.String, java.lang.String, boolean, int),35]
I/am_uid_idle(  559): 10121
I/dvm_lock_sample( 4987): [com.google.android.gms.persisten,0,lowpool[7],249,BinderProxy.java,448,android.os.BinderProxy android.os.BinderProxy.getInstance(long, long),-,452,android.os.BinderProxy android.os.BinderProxy.getInstance(long, long),49]
I/dvm_lock_sample( 4987): [com.google.android.gms.persisten,1,main,317,BinderProxy.java,448,android.os.BinderProxy android.os.BinderProxy.getInstance(long, long),-,452,android.os.BinderProxy android.os.BinderProxy.getInstance(long, long),63]
I/service_manager_slow( 4987): [351,virtualdevice]
I/dvm_lock_sample( 4930): [com.google.android.googlequickse,1,binder:4930_4,256,PG,1,java.lang.Object dagger.a.e.b(),-,2,java.lang.Object dagger.a.e.b(),51]
I/dvm_lock_sample( 5088): [com.google.android.gms,0,[com.google.android.gms.chimera.container.intentoperation.GmsIntentOperationChimeraService-Executor] processing com.google.android.gms.icing.proxy.UpdateIcingCorporaIntentOperation for action android.intent.action.PACKAGE_CHANGED,12036,:com.google.android.gms@231818044@23.18.18 (190400-535401451),1,void hjm.run(),-,3,void hjm.run(),100]
I/dvm_lock_sample(  559): [system_server,1,binder:559_5,293,ContentProviderHelper.java,174,android.app.ContentProviderHolder com.android.server.am.ContentProviderHelper.getContentProviderImpl(android.app.IApplicationThread, java.lang.String, android.os.IBinder, int, java.lang.String, java.lang.String, boolean, int),ActivityManagerService.java,13404,int com.android.server.am.ActivityManagerService.bindServiceInstance(android.app.IApplicationThread, android.os.IBinder, android.content.Intent, java.lang.String, android.app.IServiceConnection, long, java.lang.String, boolean, int, java.lang.String, android.app.IApplicationThread, java.lang.String, int),58]
I/dvm_lock_sample(  559): [system_server,0,binder:559_1E,135,ActivityManagerService.java,13459,void com.android.server.am.ActivityManagerService.serviceDoneExecuting(android.os.IBinder, int, int, int),-,13404,int com.android.server.am.ActivityManagerService.bindServiceInstance(android.app.IApplicationThread, android.os.IBinder, android.content.Intent, java.lang.String, android.app.IServiceConnection, long, java.lang.String, boolean, int, java.lang.String, android.app.IApplicationThread, java.lang.String, int),27]
I/am_pss  (  559): [559,1000,system,214022144,163065856,12889088,368480256,0,0,427]
I/am_kill (  559): [0,4987,com.google.android.gms.persistent,0,bg anr]
I/dvm_lock_sample(  559): [system_server,0,android.fg,513,ActivityManagerService.java,15321,int com.android.server.am.ActivityManagerService.broadcastIntentWithFeature(android.app.IApplicationThread, java.lang.String, android.content.Intent, java.lang.String, android.content.IIntentReceiver, int, java.lang.String, android.os.Bundle, java.lang.String[], java.lang.String[], java.lang.String[], int, android.os.Bundle, boolean, boolean, int),-,13404,int com.android.server.am.ActivityManagerService.bindServiceInstance(android.app.IApplicationThread, android.os.IBinder, android.content.Intent, java.lang.String, android.app.IServiceConnection, long, java.lang.String, boolean, int, java.lang.String, android.app.IApplicationThread, java.lang.String, int),100]
I/am_pss  (  559): [1410,10152,com.google.android.inputmethod.latin,39406592,24141824,8653824,141438976,0,7,129]
I/am_wtf  (  559): [0,4930,system_server,-1,ContentProviderHelper,ProcessRecord{ea71070 4987:com.google.android.gms.persistent/u0a127} was killed by AM but isn't really dead]
I/am_proc_died(  559): [0,4987,com.google.android.gms.persistent,0,5]
I/dvm_lock_sample(  559): [system_server,0,binder:559_5,97,MessageQueue.java,554,boolean android.os.MessageQueue.enqueueMessage(android.os.Message, long),-,600,boolean android.os.MessageQueue.enqueueMessage(android.os.Message, long),19]
I/am_kill (  559): [0,4930,com.google.android.googlequicksearchbox:search,100,depends on provider com.google.android.gms/.phenotype.provider.ConfigurationProvider in dying proc com.google.android.gms.persistent (adj -10000)]
I/am_schedule_service_restart(  559): [0,com.google.android.gms/.chimera.PersistentDirectBootAwareApiService,1000]
I/am_schedule_service_restart(  559): [0,com.google.android.gms/.geotimezone.GeoTimeZoneService,44000]
I/am_schedule_service_restart(  559): [0,com.google.android.gms/.lockbox.service.LockboxBrokerService,10497]
I/am_schedule_service_restart(  559): [0,com.google.android.gms/.location.geocode.GeocodeService,84000]
I/am_schedule_service_restart(  559): [0,com.google.android.gms/.nearby.sharing.ReceiveSurfaceService,124000]
I/am_schedule_service_restart(  559): [0,com.google.android.gms/.wearable.service.WearableControlService,25486]
I/am_schedule_service_restart(  559): [0,com.google.android.gms/com.google.android.location.internal.GoogleLocationManagerService,259752]
I/am_schedule_service_restart(  559): [0,com.google.android.gms/.common.stats.GmsCoreStatsService,299752]
I/am_schedule_service_restart(  559): [0,com.google.android.gms/.gcm.nts.SchedulerService,339752]
I/am_schedule_service_restart(  559): [0,com.google.android.gms/.fido.fido2.pollux.CableAuthenticatorService,379752]
I/am_schedule_service_restart(  559): [0,com.google.android.gms/com.google.android.location.fused.FusedLocationService,419752]
I/am_schedule_service_restart(  559): [0,com.google.android.gms/.thunderbird.EmergencyPersistentService,459752]
I/am_schedule_service_restart(  559): [0,com.google.android.gms/.chimera.PersistentApiService,53531]
I/am_schedule_service_restart(  559): [0,com.google.android.gms/com.google.android.location.internal.server.GoogleLocationService,539752]
I/am_schedule_service_restart(  559): [0,com.google.android.gms/.auth.setup.devicesignals.LockScreenService,579748]
I/am_schedule_service_restart(  559): [0,com.google.android.gms/.nearby.exposurenotification.service.ExposureMatchingService,619748]
I/am_schedule_service_restart(  559): [0,com.google.android.gms/.chimera.PersistentIntentOperationService,2765376]
I/am_schedule_service_restart(  559): [0,com.google.android.gms/.location.persistent.LocationPersistentService,659748]
I/am_schedule_service_restart(  559): [0,com.google.android.gms/.nearby.exposurenotification.service.ExposureNotificationInternalService,63531]
I/am_schedule_service_restart(  559): [0,com.google.android.gms/.clearcut.debug.ClearcutDebugDumpService,699748]
I/am_schedule_service_restart(  559): [0,com.google.android.gms/com.google.android.location.network.NetworkLocationService,739748]
I/am_schedule_service_restart(  559): [0,com.google.android.gms/.chimera.PersistentBoundBrokerService,73530]
I/am_schedule_service_restart(  559): [0,com.google.android.gms/com.google.android.contextmanager.service.ContextManagerService,819748]
I/am_schedule_service_restart(  559): [0,com.google.android.gms/.fido.authenticator.service.AuthenticatorService,859748]
I/am_schedule_service_restart(  559): [0,com.google.android.gms/.deviceconnection.service.DeviceConnectionWatcherService,899748]
I/am_schedule_service_restart(  559): [0,com.google.android.gms/com.google.android.location.internal.server.HardwareArProviderService,939748]
I/dvm_lock_sample(  559): [system_server,0,main,768,ActivityManagerService.java,15321,int com.android.server.am.ActivityManagerService.broadcastIntentWithFeature(android.app.IApplicationThread, java.lang.String, android.content.Intent, java.lang.String, android.content.IIntentReceiver, int, java.lang.String, android.os.Bundle, java.lang.String[], java.lang.String[], java.lang.String[], int, android.os.Bundle, boolean, boolean, int),-,1584,void com.android.server.am.ActivityManagerService$AppDeathRecipient.binderDied(),100]
I/dvm_lock_sample(  559): [system_server,0,android.bg,671,ContentProviderHelper.java,1495,void com.android.server.am.ContentProviderHelper.handleProviderRemoval(com.android.server.am.ContentProviderConnection, boolean, boolean),ActivityManagerService.java,1584,void com.android.server.am.ActivityManagerService$AppDeathRecipient.binderDied(),100]
I/am_proc_died(  559): [0,4930,com.google.android.googlequicksearchbox:search,100,5]
I/am_schedule_service_restart(  559): [0,com.google.android.googlequicksearchbox/com.google.android.apps.gsa.publicsearch.PublicSearchService,92937]
I/am_schedule_service_restart(  559): [0,com.google.android.googlequicksearchbox/com.google.android.apps.gsa.shared.util.keepalive.StandaloneKeepAlive$KeepAliveService,102937]
I/am_schedule_service_restart(  559): [0,com.google.android.googlequicksearchbox/com.google.android.apps.gsa.tasks.BackgroundTasksJobService,112936]
I/dvm_lock_sample(  559): [system_server,0,main,512,ActivityManagerService.java,13425,boolean com.android.server.am.ActivityManagerService.unbindService(android.app.IServiceConnection),-,1584,void com.android.server.am.ActivityManagerService$AppDeathRecipient.binderDied(),100]
I/dvm_lock_sample(  559): [system_server,1,ActivityManager,516,BroadcastQueueModernImpl.java,389,void com.android.server.am.BroadcastQueueModernImpl.updateRunningList(),ActivityManagerService.java,1584,void com.android.server.am.ActivityManagerService$AppDeathRecipient.binderDied(),100]
I/am_proc_start(  559): [0,5243,10127,com.google.android.gms.persistent,broadcast,{com.google.android.gms/com.google.android.gms.chimera.GmsIntentOperationService$PersistentInternalReceiver}]
I/am_unfreeze(  559): [2051,com.google.android.apps.messaging,6]
I/am_pss  (  559): [4625,10192,com.admin9.app.foundation,81514496,75849728,393216,174084096,0,2,335]
I/am_pss  (  559): [1490,10131,com.google.android.as,108483584,60686336,10204160,252321792,0,5,82]
I/am_pss  (  559): [915,1002,com.google.android.bluetooth,21279744,13905920,3869696,108208128,0,0,33]
I/am_pss  (  559): [788,10169,com.android.systemui,102267904,73060352,16058368,213401600,0,1,85]
I/dvm_lock_sample(  559): [system_server,1,ActivityManager,598,AppOpsService.java,395,void com.android.server.appop.AppOpsService.lambda$getUidStateTracker$0(java.lang.Runnable),AppOpsCheckingServiceImpl.java,214,int com.android.server.appop.AppOpsCheckingServiceImpl.getUidMode(int, int),100]
I/dvm_lock_sample( 2051): [com.google.android.apps.messagin,0,GoogleApiHandler,469,PG,1,boolean bnsb.b(bnrx, android.content.ServiceConnection, java.lang.String),-,15,boolean bnsa.handleMessage(android.os.Message),93]
I/am_proc_bound(  559): [0,5243,com.google.android.gms.persistent]
I/dvm_lock_sample(  559): [system_server,1,binder:559_5,220,ActivityManagerService.java,13403,int com.android.server.am.ActivityManagerService.bindServiceInstance(android.app.IApplicationThread, android.os.IBinder, android.content.Intent, java.lang.String, android.app.IServiceConnection, long, java.lang.String, boolean, int, java.lang.String, android.app.IApplicationThread, java.lang.String, int),-,4940,void com.android.server.am.ActivityManagerService.finishAttachApplicationInner(long, int, int),44]
I/dvm_lock_sample(  559): [system_server,1,ActivityManager,324,BroadcastQueueModernImpl.java,293,boolean com.android.server.am.BroadcastQueueModernImpl.lambda$new$0(android.os.Message),ActivityManagerService.java,4940,void com.android.server.am.ActivityManagerService.finishAttachApplicationInner(long, int, int),64]
I/dvm_lock_sample(  559): [system_server,1,binder:559_B,335,ActivityManagerService.java,13439,void com.android.server.am.ActivityManagerService.publishService(android.os.IBinder, android.content.Intent, android.os.IBinder),-,4940,void com.android.server.am.ActivityManagerService.finishAttachApplicationInner(long, int, int),67]
I/dvm_lock_sample(  559): [system_server,0,binder:559_20,337,ActivityManagerService.java,13459,void com.android.server.am.ActivityManagerService.serviceDoneExecuting(android.os.IBinder, int, int, int),-,4940,void com.android.server.am.ActivityManagerService.finishAttachApplicationInner(long, int, int),67]
I/am_schedule_service_restart(  559): [0,com.google.android.googlequicksearchbox/com.google.android.apps.gsa.shared.util.keepalive.StandaloneKeepAlive$KeepAliveService,0]
I/service_manager_slow( 2051): [133,virtualdevice]
I/am_proc_start(  559): [0,5286,10132,com.google.android.googlequicksearchbox:search,service,{com.google.android.googlequicksearchbox/com.google.android.apps.gsa.shared.util.keepalive.StandaloneKeepAlive$KeepAliveService}]
I/dvm_lock_sample(  559): [system_server,0,bgres-controller,495,ActivityManagerService.java,18534,boolean com.android.server.am.ActivityManagerService$LocalService.isProfileOwner(int),,0,null,99]
I/dvm_lock_sample(  559): [system_server,1,ActivityManager,496,BroadcastQueueModernImpl.java,389,void com.android.server.am.BroadcastQueueModernImpl.updateRunningList(),,0,null,99]
I/am_proc_bound(  559): [0,5286,com.google.android.googlequicksearchbox:search]
I/dvm_lock_sample( 5088): [com.google.android.gms,0,[com.google.android.gms.chimera.container.intentoperation.GmsIntentOperationChimeraService-Executor] processing com.google.android.gms.icing.proxy.UpdateIcingCorporaIntentOperation for action com.google.android.gms.icing.proxy.ACTION_UPDATE,15032,:com.google.android.gms@231818044@23.18.18 (190400-535401451),1,void hjm.run(),-,3,void hjm.run(),100]
I/dvm_lock_sample(  559): [system_server,0,WifiHandlerThread,571,MessageQueue.java,337,android.os.Message android.os.MessageQueue.next(),-,600,boolean android.os.MessageQueue.enqueueMessage(android.os.Message, long),100]
I/am_freeze(  559): [1911,com.google.process.gapps]
I/service_manager_slow( 5286): [108,netstats]
I/dvm_lock_sample(  559): [system_server,1,android.display,68,WindowManagerService.java,5523,void com.android.server.wm.WindowManagerService$H.handleMessage(android.os.Message),WindowSurfacePlacer.java,58,void com.android.server.wm.WindowSurfacePlacer$Traverser.run(),13]
I/jank_cuj_events_begin_request(  788): [39,1787495413786505000,693342766621,693342766829,]
I/sysui_multi_action(  559): [319,25239,321,35359,322,217698,325,475,757,761,758,7,759,1,806,com.admin9.app.foundation,871,com.admin9.app.foundation.MainActivity,904,com.android.shell,905,0,945,39941,1320,4,1321,4]
I/wm_activity_launch_time(  559): [0,192531700,com.admin9.app.foundation/.MainActivity,217698]
